
 /----------------------------------------------------------------------------\
 |  yosys -- Yosys Open SYnthesis Suite                                       |
 |  Copyright (C) 2012 - 2026  Claire Xenia Wolf <claire@yosyshq.com>         |
 |  Distributed under an ISC-like license, type "license" to see terms        |
 \----------------------------------------------------------------------------/
 Yosys 0.67+post (git sha1 b8e7da6f40ae8f552c116bf6c359b07c6533e159, Release, AppleClang clang++ 21.0.0.21000099)

-- Executing script file `scripts/script.tcl' --

1. Executing Verilog-2005 frontend: rtl/program_counter.v
Parsing Verilog input from `rtl/program_counter.v' to AST representation.
Generating RTLIL representation for module `\program_counter'.
Successfully finished Verilog frontend.

2. Executing Verilog-2005 frontend: rtl/instruction_memory.v
Parsing Verilog input from `rtl/instruction_memory.v' to AST representation.
Generating RTLIL representation for module `\instruction_memory'.
Successfully finished Verilog frontend.

3. Executing Verilog-2005 frontend: rtl/instruction_decoder.v
Parsing Verilog input from `rtl/instruction_decoder.v' to AST representation.
Generating RTLIL representation for module `\instruction_decoder'.
Successfully finished Verilog frontend.

4. Executing Verilog-2005 frontend: rtl/register_file.v
Parsing Verilog input from `rtl/register_file.v' to AST representation.
Generating RTLIL representation for module `\register_file'.
Warning: Replacing memory \reg_file with list of registers. See rtl/register_file.v:38
Successfully finished Verilog frontend.

5. Executing Verilog-2005 frontend: rtl/alu.v
Parsing Verilog input from `rtl/alu.v' to AST representation.
Generating RTLIL representation for module `\alu'.
Successfully finished Verilog frontend.

6. Executing Verilog-2005 frontend: rtl/control_unit.v
Parsing Verilog input from `rtl/control_unit.v' to AST representation.
Generating RTLIL representation for module `\control_unit'.
Successfully finished Verilog frontend.

7. Executing Verilog-2005 frontend: rtl/top.v
Parsing Verilog input from `rtl/top.v' to AST representation.
Generating RTLIL representation for module `\top'.
Successfully finished Verilog frontend.

8. Executing HIERARCHY pass (managing design hierarchy).

8.1. Analyzing design hierarchy..
Top module:  \top
Used module:     \alu
Used module:     \register_file
Used module:     \control_unit
Used module:     \instruction_decoder
Used module:     \instruction_memory
Used module:     \program_counter
Parameter \DATA_WIDTH = 8

8.2. Executing AST frontend in derive mode using pre-parsed AST for module `\alu'.
Parameter \DATA_WIDTH = 8
Generating RTLIL representation for module `$paramod\alu\DATA_WIDTH=s32'00000000000000000000000000001000'.
Parameter \DATA_WIDTH = 8
Parameter \REG_COUNT = 16

8.3. Executing AST frontend in derive mode using pre-parsed AST for module `\register_file'.
Parameter \DATA_WIDTH = 8
Parameter \REG_COUNT = 16
Generating RTLIL representation for module `$paramod$adeecc208996d0b92f0acb5ec38d57453fb9dd41\register_file'.
Warning: Replacing memory \reg_file with list of registers. See rtl/register_file.v:38
Parameter \INSTR_WIDTH = 16

8.4. Executing AST frontend in derive mode using pre-parsed AST for module `\instruction_decoder'.
Parameter \INSTR_WIDTH = 16
Generating RTLIL representation for module `$paramod\instruction_decoder\INSTR_WIDTH=s32'00000000000000000000000000010000'.
Parameter \ADDR_WIDTH = 8
Parameter \INSTR_WIDTH = 16

8.5. Executing AST frontend in derive mode using pre-parsed AST for module `\instruction_memory'.
Parameter \ADDR_WIDTH = 8
Parameter \INSTR_WIDTH = 16
Generating RTLIL representation for module `$paramod$41b5ca74f47e7a33e8f0244a1d284342a6461bce\instruction_memory'.
Parameter \ADDR_WIDTH = 8

8.6. Executing AST frontend in derive mode using pre-parsed AST for module `\program_counter'.
Parameter \ADDR_WIDTH = 8
Generating RTLIL representation for module `$paramod\program_counter\ADDR_WIDTH=s32'00000000000000000000000000001000'.

8.7. Analyzing design hierarchy..
Top module:  \top
Used module:     $paramod\alu\DATA_WIDTH=s32'00000000000000000000000000001000
Used module:     $paramod$adeecc208996d0b92f0acb5ec38d57453fb9dd41\register_file
Used module:     \control_unit
Used module:     $paramod\instruction_decoder\INSTR_WIDTH=s32'00000000000000000000000000010000
Used module:     $paramod$41b5ca74f47e7a33e8f0244a1d284342a6461bce\instruction_memory
Used module:     $paramod\program_counter\ADDR_WIDTH=s32'00000000000000000000000000001000

8.8. Analyzing design hierarchy..
Top module:  \top
Used module:     $paramod\alu\DATA_WIDTH=s32'00000000000000000000000000001000
Used module:     $paramod$adeecc208996d0b92f0acb5ec38d57453fb9dd41\register_file
Used module:     \control_unit
Used module:     $paramod\instruction_decoder\INSTR_WIDTH=s32'00000000000000000000000000010000
Used module:     $paramod$41b5ca74f47e7a33e8f0244a1d284342a6461bce\instruction_memory
Used module:     $paramod\program_counter\ADDR_WIDTH=s32'00000000000000000000000000001000
Removing unused module `\alu'.
Removing unused module `\register_file'.
Removing unused module `\instruction_decoder'.
Removing unused module `\instruction_memory'.
Removing unused module `\program_counter'.
Removed 5 unused modules.

9. Executing PROC pass (convert processes to netlists).

9.1. Executing PROC_CLEAN pass (remove empty switches from decision trees).
Cleaned up 0 empty switches.

9.2. Executing PROC_RMDEAD pass (remove dead branches from decision trees).
Marked 1 switch rules as full_case in process $proc$rtl/control_unit.v:62$65 in module control_unit.
Marked 1 switch rules as full_case in process $proc$rtl/program_counter.v:9$138 in module $paramod\program_counter\ADDR_WIDTH=s32'00000000000000000000000000001000.
Removed 1 dead cases from process $proc$rtl/register_file.v:54$99 in module $paramod$adeecc208996d0b92f0acb5ec38d57453fb9dd41\register_file.
Marked 1 switch rules as full_case in process $proc$rtl/register_file.v:54$99 in module $paramod$adeecc208996d0b92f0acb5ec38d57453fb9dd41\register_file.
Removed 1 dead cases from process $proc$rtl/register_file.v:52$96 in module $paramod$adeecc208996d0b92f0acb5ec38d57453fb9dd41\register_file.
Marked 1 switch rules as full_case in process $proc$rtl/register_file.v:52$96 in module $paramod$adeecc208996d0b92f0acb5ec38d57453fb9dd41\register_file.
Marked 3 switch rules as full_case in process $proc$rtl/register_file.v:32$89 in module $paramod$adeecc208996d0b92f0acb5ec38d57453fb9dd41\register_file.
Marked 1 switch rules as full_case in process $proc$rtl/alu.v:15$76 in module $paramod\alu\DATA_WIDTH=s32'00000000000000000000000000001000.
Removed a total of 2 dead cases.

9.3. Executing PROC_PRUNE pass (remove redundant assignments in processes).
Removed 0 redundant assignments.
Promoted 25 assignments to connections.

9.4. Executing PROC_INIT pass (extract init attributes).

9.5. Executing PROC_ARST pass (detect async resets in processes).
Found async reset \reset in `$paramod\program_counter\ADDR_WIDTH=s32'00000000000000000000000000001000.$proc$rtl/program_counter.v:9$138'.
Found async reset \reset in `$paramod$adeecc208996d0b92f0acb5ec38d57453fb9dd41\register_file.$proc$rtl/register_file.v:32$89'.

9.6. Executing PROC_ROM pass (convert switches to ROMs).
Converted 0 switches.
<suppressed ~7 debug messages>

9.7. Executing PROC_MUX pass (convert decision trees to multiplexers).
Creating decoders for process `\control_unit.$proc$rtl/control_unit.v:62$65'.
     1/6: $1\pc_next[7:0]
     2/6: $1\alu_op[3:0]
     3/6: $1\pc_write[0:0]
     4/6: $1\reg_write[0:0]
     5/6: $1\imm_select[0:0]
     6/6: $1\halt[0:0]
Creating decoders for process `$paramod\program_counter\ADDR_WIDTH=s32'00000000000000000000000000001000.$proc$rtl/program_counter.v:9$138'.
     1/1: $0\pc[7:0]
Creating decoders for process `$paramod$41b5ca74f47e7a33e8f0244a1d284342a6461bce\instruction_memory.$proc$rtl/instruction_memory.v:10$126'.
Creating decoders for process `$paramod$41b5ca74f47e7a33e8f0244a1d284342a6461bce\instruction_memory.$proc$rtl/instruction_memory.v:23$113'.
Creating decoders for process `$paramod$adeecc208996d0b92f0acb5ec38d57453fb9dd41\register_file.$proc$rtl/register_file.v:54$99'.
     1/1: $1$mem2reg_rd$\reg_file$rtl/register_file.v:54$88_DATA[7:0]$101
Creating decoders for process `$paramod$adeecc208996d0b92f0acb5ec38d57453fb9dd41\register_file.$proc$rtl/register_file.v:52$96'.
     1/1: $1$mem2reg_rd$\reg_file$rtl/register_file.v:52$87_DATA[7:0]$98
Creating decoders for process `$paramod$adeecc208996d0b92f0acb5ec38d57453fb9dd41\register_file.$proc$rtl/register_file.v:32$89'.
     1/21: $2$mem2reg_wr$\reg_file$rtl/register_file.v:44$86_ADDR[3:0]$94
     2/21: $2$mem2reg_wr$\reg_file$rtl/register_file.v:44$86_DATA[7:0]$95
     3/21: $1$mem2reg_wr$\reg_file$rtl/register_file.v:44$86_DATA[7:0]$93
     4/21: $1$mem2reg_wr$\reg_file$rtl/register_file.v:44$86_ADDR[3:0]$92
     5/21: $1\i[31:0]
     6/21: $0\reg_file[15][7:0]
     7/21: $0\reg_file[14][7:0]
     8/21: $0\reg_file[13][7:0]
     9/21: $0\reg_file[12][7:0]
    10/21: $0\reg_file[11][7:0]
    11/21: $0\reg_file[10][7:0]
    12/21: $0\reg_file[9][7:0]
    13/21: $0\reg_file[8][7:0]
    14/21: $0\reg_file[7][7:0]
    15/21: $0\reg_file[6][7:0]
    16/21: $0\reg_file[5][7:0]
    17/21: $0\reg_file[4][7:0]
    18/21: $0\reg_file[3][7:0]
    19/21: $0\reg_file[2][7:0]
    20/21: $0\reg_file[1][7:0]
    21/21: $0\reg_file[0][7:0]
Creating decoders for process `$paramod\alu\DATA_WIDTH=s32'00000000000000000000000000001000.$proc$rtl/alu.v:15$76'.
     1/2: $1\Result[7:0]
     2/2: $1\temp[8:0]

9.8. Executing PROC_DLATCH pass (convert process syncs to latches).
No latch inferred for signal `\control_unit.\pc_next' from process `\control_unit.$proc$rtl/control_unit.v:62$65'.
No latch inferred for signal `\control_unit.\pc_write' from process `\control_unit.$proc$rtl/control_unit.v:62$65'.
No latch inferred for signal `\control_unit.\reg_write' from process `\control_unit.$proc$rtl/control_unit.v:62$65'.
No latch inferred for signal `\control_unit.\halt' from process `\control_unit.$proc$rtl/control_unit.v:62$65'.
No latch inferred for signal `\control_unit.\alu_op' from process `\control_unit.$proc$rtl/control_unit.v:62$65'.
No latch inferred for signal `\control_unit.\imm_select' from process `\control_unit.$proc$rtl/control_unit.v:62$65'.
No latch inferred for signal `$paramod$41b5ca74f47e7a33e8f0244a1d284342a6461bce\instruction_memory.$memwr$\mem$rtl/instruction_memory.v:11$102_EN' from process `$paramod$41b5ca74f47e7a33e8f0244a1d284342a6461bce\instruction_memory.$proc$rtl/instruction_memory.v:10$126'.
No latch inferred for signal `$paramod$41b5ca74f47e7a33e8f0244a1d284342a6461bce\instruction_memory.$memwr$\mem$rtl/instruction_memory.v:12$103_EN' from process `$paramod$41b5ca74f47e7a33e8f0244a1d284342a6461bce\instruction_memory.$proc$rtl/instruction_memory.v:10$126'.
No latch inferred for signal `$paramod$41b5ca74f47e7a33e8f0244a1d284342a6461bce\instruction_memory.$memwr$\mem$rtl/instruction_memory.v:13$104_EN' from process `$paramod$41b5ca74f47e7a33e8f0244a1d284342a6461bce\instruction_memory.$proc$rtl/instruction_memory.v:10$126'.
No latch inferred for signal `$paramod$41b5ca74f47e7a33e8f0244a1d284342a6461bce\instruction_memory.$memwr$\mem$rtl/instruction_memory.v:14$105_EN' from process `$paramod$41b5ca74f47e7a33e8f0244a1d284342a6461bce\instruction_memory.$proc$rtl/instruction_memory.v:10$126'.
No latch inferred for signal `$paramod$41b5ca74f47e7a33e8f0244a1d284342a6461bce\instruction_memory.$memwr$\mem$rtl/instruction_memory.v:15$106_EN' from process `$paramod$41b5ca74f47e7a33e8f0244a1d284342a6461bce\instruction_memory.$proc$rtl/instruction_memory.v:10$126'.
No latch inferred for signal `$paramod$41b5ca74f47e7a33e8f0244a1d284342a6461bce\instruction_memory.$memwr$\mem$rtl/instruction_memory.v:16$107_EN' from process `$paramod$41b5ca74f47e7a33e8f0244a1d284342a6461bce\instruction_memory.$proc$rtl/instruction_memory.v:10$126'.
No latch inferred for signal `$paramod$41b5ca74f47e7a33e8f0244a1d284342a6461bce\instruction_memory.$memwr$\mem$rtl/instruction_memory.v:17$108_EN' from process `$paramod$41b5ca74f47e7a33e8f0244a1d284342a6461bce\instruction_memory.$proc$rtl/instruction_memory.v:10$126'.
No latch inferred for signal `$paramod$41b5ca74f47e7a33e8f0244a1d284342a6461bce\instruction_memory.$memwr$\mem$rtl/instruction_memory.v:18$109_EN' from process `$paramod$41b5ca74f47e7a33e8f0244a1d284342a6461bce\instruction_memory.$proc$rtl/instruction_memory.v:10$126'.
No latch inferred for signal `$paramod$41b5ca74f47e7a33e8f0244a1d284342a6461bce\instruction_memory.$memwr$\mem$rtl/instruction_memory.v:19$110_EN' from process `$paramod$41b5ca74f47e7a33e8f0244a1d284342a6461bce\instruction_memory.$proc$rtl/instruction_memory.v:10$126'.
No latch inferred for signal `$paramod$41b5ca74f47e7a33e8f0244a1d284342a6461bce\instruction_memory.$memwr$\mem$rtl/instruction_memory.v:20$111_EN' from process `$paramod$41b5ca74f47e7a33e8f0244a1d284342a6461bce\instruction_memory.$proc$rtl/instruction_memory.v:10$126'.
No latch inferred for signal `$paramod$41b5ca74f47e7a33e8f0244a1d284342a6461bce\instruction_memory.$memwr$\mem$rtl/instruction_memory.v:21$112_EN' from process `$paramod$41b5ca74f47e7a33e8f0244a1d284342a6461bce\instruction_memory.$proc$rtl/instruction_memory.v:10$126'.
No latch inferred for signal `$paramod$41b5ca74f47e7a33e8f0244a1d284342a6461bce\instruction_memory.\instruction' from process `$paramod$41b5ca74f47e7a33e8f0244a1d284342a6461bce\instruction_memory.$proc$rtl/instruction_memory.v:23$113'.
No latch inferred for signal `$paramod$adeecc208996d0b92f0acb5ec38d57453fb9dd41\register_file.$mem2reg_rd$\reg_file$rtl/register_file.v:54$88_DATA' from process `$paramod$adeecc208996d0b92f0acb5ec38d57453fb9dd41\register_file.$proc$rtl/register_file.v:54$99'.
No latch inferred for signal `$paramod$adeecc208996d0b92f0acb5ec38d57453fb9dd41\register_file.$mem2reg_rd$\reg_file$rtl/register_file.v:52$87_DATA' from process `$paramod$adeecc208996d0b92f0acb5ec38d57453fb9dd41\register_file.$proc$rtl/register_file.v:52$96'.
No latch inferred for signal `$paramod\alu\DATA_WIDTH=s32'00000000000000000000000000001000.\Result' from process `$paramod\alu\DATA_WIDTH=s32'00000000000000000000000000001000.$proc$rtl/alu.v:15$76'.
No latch inferred for signal `$paramod\alu\DATA_WIDTH=s32'00000000000000000000000000001000.\temp' from process `$paramod\alu\DATA_WIDTH=s32'00000000000000000000000000001000.$proc$rtl/alu.v:15$76'.

9.9. Executing PROC_DFF pass (convert process syncs to FFs).
Creating register for signal `$paramod\program_counter\ADDR_WIDTH=s32'00000000000000000000000000001000.\pc' using process `$paramod\program_counter\ADDR_WIDTH=s32'00000000000000000000000000001000.$proc$rtl/program_counter.v:9$138'.
  created $adff cell `$procdff$461' with positive edge clock and positive level reset.
Creating register for signal `$paramod$adeecc208996d0b92f0acb5ec38d57453fb9dd41\register_file.\i' using process `$paramod$adeecc208996d0b92f0acb5ec38d57453fb9dd41\register_file.$proc$rtl/register_file.v:32$89'.
  created $adff cell `$procdff$464' with positive edge clock and positive level reset.
Creating register for signal `$paramod$adeecc208996d0b92f0acb5ec38d57453fb9dd41\register_file.\reg_file[0]' using process `$paramod$adeecc208996d0b92f0acb5ec38d57453fb9dd41\register_file.$proc$rtl/register_file.v:32$89'.
  created $adff cell `$procdff$467' with positive edge clock and positive level reset.
Creating register for signal `$paramod$adeecc208996d0b92f0acb5ec38d57453fb9dd41\register_file.\reg_file[1]' using process `$paramod$adeecc208996d0b92f0acb5ec38d57453fb9dd41\register_file.$proc$rtl/register_file.v:32$89'.
  created $adff cell `$procdff$470' with positive edge clock and positive level reset.
Creating register for signal `$paramod$adeecc208996d0b92f0acb5ec38d57453fb9dd41\register_file.\reg_file[2]' using process `$paramod$adeecc208996d0b92f0acb5ec38d57453fb9dd41\register_file.$proc$rtl/register_file.v:32$89'.
  created $adff cell `$procdff$473' with positive edge clock and positive level reset.
Creating register for signal `$paramod$adeecc208996d0b92f0acb5ec38d57453fb9dd41\register_file.\reg_file[3]' using process `$paramod$adeecc208996d0b92f0acb5ec38d57453fb9dd41\register_file.$proc$rtl/register_file.v:32$89'.
  created $adff cell `$procdff$476' with positive edge clock and positive level reset.
Creating register for signal `$paramod$adeecc208996d0b92f0acb5ec38d57453fb9dd41\register_file.\reg_file[4]' using process `$paramod$adeecc208996d0b92f0acb5ec38d57453fb9dd41\register_file.$proc$rtl/register_file.v:32$89'.
  created $adff cell `$procdff$479' with positive edge clock and positive level reset.
Creating register for signal `$paramod$adeecc208996d0b92f0acb5ec38d57453fb9dd41\register_file.\reg_file[5]' using process `$paramod$adeecc208996d0b92f0acb5ec38d57453fb9dd41\register_file.$proc$rtl/register_file.v:32$89'.
  created $adff cell `$procdff$482' with positive edge clock and positive level reset.
Creating register for signal `$paramod$adeecc208996d0b92f0acb5ec38d57453fb9dd41\register_file.\reg_file[6]' using process `$paramod$adeecc208996d0b92f0acb5ec38d57453fb9dd41\register_file.$proc$rtl/register_file.v:32$89'.
  created $adff cell `$procdff$485' with positive edge clock and positive level reset.
Creating register for signal `$paramod$adeecc208996d0b92f0acb5ec38d57453fb9dd41\register_file.\reg_file[7]' using process `$paramod$adeecc208996d0b92f0acb5ec38d57453fb9dd41\register_file.$proc$rtl/register_file.v:32$89'.
  created $adff cell `$procdff$488' with positive edge clock and positive level reset.
Creating register for signal `$paramod$adeecc208996d0b92f0acb5ec38d57453fb9dd41\register_file.\reg_file[8]' using process `$paramod$adeecc208996d0b92f0acb5ec38d57453fb9dd41\register_file.$proc$rtl/register_file.v:32$89'.
  created $adff cell `$procdff$491' with positive edge clock and positive level reset.
Creating register for signal `$paramod$adeecc208996d0b92f0acb5ec38d57453fb9dd41\register_file.\reg_file[9]' using process `$paramod$adeecc208996d0b92f0acb5ec38d57453fb9dd41\register_file.$proc$rtl/register_file.v:32$89'.
  created $adff cell `$procdff$494' with positive edge clock and positive level reset.
Creating register for signal `$paramod$adeecc208996d0b92f0acb5ec38d57453fb9dd41\register_file.\reg_file[10]' using process `$paramod$adeecc208996d0b92f0acb5ec38d57453fb9dd41\register_file.$proc$rtl/register_file.v:32$89'.
  created $adff cell `$procdff$497' with positive edge clock and positive level reset.
Creating register for signal `$paramod$adeecc208996d0b92f0acb5ec38d57453fb9dd41\register_file.\reg_file[11]' using process `$paramod$adeecc208996d0b92f0acb5ec38d57453fb9dd41\register_file.$proc$rtl/register_file.v:32$89'.
  created $adff cell `$procdff$500' with positive edge clock and positive level reset.
Creating register for signal `$paramod$adeecc208996d0b92f0acb5ec38d57453fb9dd41\register_file.\reg_file[12]' using process `$paramod$adeecc208996d0b92f0acb5ec38d57453fb9dd41\register_file.$proc$rtl/register_file.v:32$89'.
  created $adff cell `$procdff$503' with positive edge clock and positive level reset.
Creating register for signal `$paramod$adeecc208996d0b92f0acb5ec38d57453fb9dd41\register_file.\reg_file[13]' using process `$paramod$adeecc208996d0b92f0acb5ec38d57453fb9dd41\register_file.$proc$rtl/register_file.v:32$89'.
  created $adff cell `$procdff$506' with positive edge clock and positive level reset.
Creating register for signal `$paramod$adeecc208996d0b92f0acb5ec38d57453fb9dd41\register_file.\reg_file[14]' using process `$paramod$adeecc208996d0b92f0acb5ec38d57453fb9dd41\register_file.$proc$rtl/register_file.v:32$89'.
  created $adff cell `$procdff$509' with positive edge clock and positive level reset.
Creating register for signal `$paramod$adeecc208996d0b92f0acb5ec38d57453fb9dd41\register_file.\reg_file[15]' using process `$paramod$adeecc208996d0b92f0acb5ec38d57453fb9dd41\register_file.$proc$rtl/register_file.v:32$89'.
  created $adff cell `$procdff$512' with positive edge clock and positive level reset.
Creating register for signal `$paramod$adeecc208996d0b92f0acb5ec38d57453fb9dd41\register_file.$mem2reg_wr$\reg_file$rtl/register_file.v:44$86_ADDR' using process `$paramod$adeecc208996d0b92f0acb5ec38d57453fb9dd41\register_file.$proc$rtl/register_file.v:32$89'.
  created $adff cell `$procdff$515' with positive edge clock and positive level reset.
Creating register for signal `$paramod$adeecc208996d0b92f0acb5ec38d57453fb9dd41\register_file.$mem2reg_wr$\reg_file$rtl/register_file.v:44$86_DATA' using process `$paramod$adeecc208996d0b92f0acb5ec38d57453fb9dd41\register_file.$proc$rtl/register_file.v:32$89'.
  created $adff cell `$procdff$518' with positive edge clock and positive level reset.

9.10. Executing PROC_MEMWR pass (convert process memory writes to cells).

9.11. Executing PROC_CLEAN pass (remove empty switches from decision trees).
Found and cleaned up 1 empty switch in `\control_unit.$proc$rtl/control_unit.v:62$65'.
Removing empty process `control_unit.$proc$rtl/control_unit.v:62$65'.
Found and cleaned up 1 empty switch in `$paramod\program_counter\ADDR_WIDTH=s32'00000000000000000000000000001000.$proc$rtl/program_counter.v:9$138'.
Removing empty process `$paramod\program_counter\ADDR_WIDTH=s32'00000000000000000000000000001000.$proc$rtl/program_counter.v:9$138'.
Removing empty process `$paramod$41b5ca74f47e7a33e8f0244a1d284342a6461bce\instruction_memory.$proc$rtl/instruction_memory.v:10$126'.
Removing empty process `$paramod$41b5ca74f47e7a33e8f0244a1d284342a6461bce\instruction_memory.$proc$rtl/instruction_memory.v:23$113'.
Found and cleaned up 1 empty switch in `$paramod$adeecc208996d0b92f0acb5ec38d57453fb9dd41\register_file.$proc$rtl/register_file.v:54$99'.
Removing empty process `$paramod$adeecc208996d0b92f0acb5ec38d57453fb9dd41\register_file.$proc$rtl/register_file.v:54$99'.
Found and cleaned up 1 empty switch in `$paramod$adeecc208996d0b92f0acb5ec38d57453fb9dd41\register_file.$proc$rtl/register_file.v:52$96'.
Removing empty process `$paramod$adeecc208996d0b92f0acb5ec38d57453fb9dd41\register_file.$proc$rtl/register_file.v:52$96'.
Found and cleaned up 2 empty switches in `$paramod$adeecc208996d0b92f0acb5ec38d57453fb9dd41\register_file.$proc$rtl/register_file.v:32$89'.
Removing empty process `$paramod$adeecc208996d0b92f0acb5ec38d57453fb9dd41\register_file.$proc$rtl/register_file.v:32$89'.
Found and cleaned up 1 empty switch in `$paramod\alu\DATA_WIDTH=s32'00000000000000000000000000001000.$proc$rtl/alu.v:15$76'.
Removing empty process `$paramod\alu\DATA_WIDTH=s32'00000000000000000000000000001000.$proc$rtl/alu.v:15$76'.
Cleaned up 7 empty switches.

9.12. Executing OPT_EXPR pass (perform const folding).
Optimizing module top.
Optimizing module control_unit.
<suppressed ~4 debug messages>
Optimizing module $paramod\program_counter\ADDR_WIDTH=s32'00000000000000000000000000001000.
<suppressed ~1 debug messages>
Optimizing module $paramod$41b5ca74f47e7a33e8f0244a1d284342a6461bce\instruction_memory.
Optimizing module $paramod\instruction_decoder\INSTR_WIDTH=s32'00000000000000000000000000010000.
Optimizing module $paramod$adeecc208996d0b92f0acb5ec38d57453fb9dd41\register_file.
<suppressed ~22 debug messages>
Optimizing module $paramod\alu\DATA_WIDTH=s32'00000000000000000000000000001000.
<suppressed ~5 debug messages>

10. Executing OPT pass (performing simple optimizations).

10.1. Executing OPT_EXPR pass (perform const folding).
Optimizing module top.
Optimizing module control_unit.
Optimizing module $paramod\program_counter\ADDR_WIDTH=s32'00000000000000000000000000001000.
Optimizing module $paramod$41b5ca74f47e7a33e8f0244a1d284342a6461bce\instruction_memory.
Optimizing module $paramod\instruction_decoder\INSTR_WIDTH=s32'00000000000000000000000000010000.
Optimizing module $paramod$adeecc208996d0b92f0acb5ec38d57453fb9dd41\register_file.
Optimizing module $paramod\alu\DATA_WIDTH=s32'00000000000000000000000000001000.

10.2. Executing OPT_MERGE pass (detect identical cells).
Finding identical cells in module `\top'.
Computing hashes of 7 cells of `\top'.
Finding duplicate cells in `\top'.
Finding identical cells in module `\control_unit'.
Computing hashes of 52 cells of `\control_unit'.
Finding duplicate cells in `\control_unit'.
Computing hashes of 17 cells of `\control_unit'.
Finding duplicate cells in `\control_unit'.
<suppressed ~105 debug messages>
Finding identical cells in module `$paramod\program_counter\ADDR_WIDTH=s32'00000000000000000000000000001000'.
Computing hashes of 2 cells of `$paramod\program_counter\ADDR_WIDTH=s32'00000000000000000000000000001000'.
Finding duplicate cells in `$paramod\program_counter\ADDR_WIDTH=s32'00000000000000000000000000001000'.
Finding identical cells in module `$paramod$41b5ca74f47e7a33e8f0244a1d284342a6461bce\instruction_memory'.
Computing hashes of 12 cells of `$paramod$41b5ca74f47e7a33e8f0244a1d284342a6461bce\instruction_memory'.
Finding duplicate cells in `$paramod$41b5ca74f47e7a33e8f0244a1d284342a6461bce\instruction_memory'.
Finding identical cells in module `$paramod\instruction_decoder\INSTR_WIDTH=s32'00000000000000000000000000010000'.
Computing hashes of 0 cells of `$paramod\instruction_decoder\INSTR_WIDTH=s32'00000000000000000000000000010000'.
Finding duplicate cells in `$paramod\instruction_decoder\INSTR_WIDTH=s32'00000000000000000000000000010000'.
Finding identical cells in module `$paramod$adeecc208996d0b92f0acb5ec38d57453fb9dd41\register_file'.
Computing hashes of 103 cells of `$paramod$adeecc208996d0b92f0acb5ec38d57453fb9dd41\register_file'.
Finding duplicate cells in `$paramod$adeecc208996d0b92f0acb5ec38d57453fb9dd41\register_file'.
Finding identical cells in module `$paramod\alu\DATA_WIDTH=s32'00000000000000000000000000001000'.
Computing hashes of 21 cells of `$paramod\alu\DATA_WIDTH=s32'00000000000000000000000000001000'.
Finding duplicate cells in `$paramod\alu\DATA_WIDTH=s32'00000000000000000000000000001000'.
Computing hashes of 19 cells of `$paramod\alu\DATA_WIDTH=s32'00000000000000000000000000001000'.
Finding duplicate cells in `$paramod\alu\DATA_WIDTH=s32'00000000000000000000000000001000'.
<suppressed ~6 debug messages>
Removed a total of 37 cells.

10.3. Executing OPT_MUXTREE pass (detect dead branches in mux trees).
Running muxtree optimizer on module \top..
  Creating internal representation of mux trees.
  Evaluating internal representation of mux trees.
  Analyzing evaluation results.
Running muxtree optimizer on module \control_unit..
  Creating internal representation of mux trees.
  Evaluating internal representation of mux trees.
  Analyzing evaluation results.
Running muxtree optimizer on module $paramod\program_counter\ADDR_WIDTH=s32'00000000000000000000000000001000..
  Creating internal representation of mux trees.
  Evaluating internal representation of mux trees.
  Analyzing evaluation results.
Running muxtree optimizer on module $paramod$41b5ca74f47e7a33e8f0244a1d284342a6461bce\instruction_memory..
  Creating internal representation of mux trees.
  No muxes found in this module.
Running muxtree optimizer on module $paramod\instruction_decoder\INSTR_WIDTH=s32'00000000000000000000000000010000..
  Creating internal representation of mux trees.
  No muxes found in this module.
Running muxtree optimizer on module $paramod$adeecc208996d0b92f0acb5ec38d57453fb9dd41\register_file..
  Creating internal representation of mux trees.
  Evaluating internal representation of mux trees.
  Analyzing evaluation results.
    dead port 1/2 on $mux $procmux$233.
    dead port 2/2 on $mux $procmux$233.
    dead port 1/2 on $mux $procmux$230.
    dead port 2/2 on $mux $procmux$230.
Running muxtree optimizer on module $paramod\alu\DATA_WIDTH=s32'00000000000000000000000000001000..
  Creating internal representation of mux trees.
  Evaluating internal representation of mux trees.
  Analyzing evaluation results.
    dead port 1/3 on $pmux $procmux$456.
    dead port 2/3 on $pmux $procmux$456.
    dead port 3/3 on $pmux $procmux$456.
Removed 7 multiplexer ports.
<suppressed ~70 debug messages>

10.4. Executing OPT_REDUCE pass (consolidate $*mux and $reduce_* inputs).
  Optimizing cells in module \top.
  Optimizing cells in module \control_unit.
    New ctrl vector for $pmux cell $procmux$164: $auto$opt_reduce.cc:137:opt_pmux$520
    New ctrl vector for $pmux cell $procmux$141: $auto$opt_reduce.cc:137:opt_pmux$522
    New ctrl vector for $pmux cell $procmux$176: $auto$opt_reduce.cc:137:opt_pmux$524
  Optimizing cells in module \control_unit.
  Optimizing cells in module $paramod\program_counter\ADDR_WIDTH=s32'00000000000000000000000000001000.
  Optimizing cells in module $paramod$41b5ca74f47e7a33e8f0244a1d284342a6461bce\instruction_memory.
  Optimizing cells in module $paramod\instruction_decoder\INSTR_WIDTH=s32'00000000000000000000000000010000.
  Optimizing cells in module $paramod$adeecc208996d0b92f0acb5ec38d57453fb9dd41\register_file.
  Optimizing cells in module $paramod\alu\DATA_WIDTH=s32'00000000000000000000000000001000.
Performed a total of 3 changes.

10.5. Executing OPT_MERGE pass (detect identical cells).
Finding identical cells in module `\top'.
Computing hashes of 7 cells of `\top'.
Finding duplicate cells in `\top'.
Finding identical cells in module `\control_unit'.
Computing hashes of 20 cells of `\control_unit'.
Finding duplicate cells in `\control_unit'.
Computing hashes of 18 cells of `\control_unit'.
Finding duplicate cells in `\control_unit'.
Computing hashes of 17 cells of `\control_unit'.
Finding duplicate cells in `\control_unit'.
<suppressed ~9 debug messages>
Finding identical cells in module `$paramod\program_counter\ADDR_WIDTH=s32'00000000000000000000000000001000'.
Computing hashes of 2 cells of `$paramod\program_counter\ADDR_WIDTH=s32'00000000000000000000000000001000'.
Finding duplicate cells in `$paramod\program_counter\ADDR_WIDTH=s32'00000000000000000000000000001000'.
Finding identical cells in module `$paramod$41b5ca74f47e7a33e8f0244a1d284342a6461bce\instruction_memory'.
Computing hashes of 12 cells of `$paramod$41b5ca74f47e7a33e8f0244a1d284342a6461bce\instruction_memory'.
Finding duplicate cells in `$paramod$41b5ca74f47e7a33e8f0244a1d284342a6461bce\instruction_memory'.
Finding identical cells in module `$paramod\instruction_decoder\INSTR_WIDTH=s32'00000000000000000000000000010000'.
Computing hashes of 0 cells of `$paramod\instruction_decoder\INSTR_WIDTH=s32'00000000000000000000000000010000'.
Finding duplicate cells in `$paramod\instruction_decoder\INSTR_WIDTH=s32'00000000000000000000000000010000'.
Finding identical cells in module `$paramod$adeecc208996d0b92f0acb5ec38d57453fb9dd41\register_file'.
Computing hashes of 101 cells of `$paramod$adeecc208996d0b92f0acb5ec38d57453fb9dd41\register_file'.
Finding duplicate cells in `$paramod$adeecc208996d0b92f0acb5ec38d57453fb9dd41\register_file'.
Finding identical cells in module `$paramod\alu\DATA_WIDTH=s32'00000000000000000000000000001000'.
Computing hashes of 18 cells of `$paramod\alu\DATA_WIDTH=s32'00000000000000000000000000001000'.
Finding duplicate cells in `$paramod\alu\DATA_WIDTH=s32'00000000000000000000000000001000'.
Removed a total of 3 cells.

10.6. Executing OPT_DFF pass (perform DFF optimizations).
Adding EN signal on $procdff$461 ($adff) from module $paramod\program_counter\ADDR_WIDTH=s32'00000000000000000000000000001000 (D = \pc_next, Q = \pc).
Adding EN signal on $procdff$488 ($adff) from module $paramod$adeecc208996d0b92f0acb5ec38d57453fb9dd41\register_file (D = \write_data, Q = \reg_file[7]).
Adding EN signal on $procdff$512 ($adff) from module $paramod$adeecc208996d0b92f0acb5ec38d57453fb9dd41\register_file (D = \write_data, Q = \reg_file[15]).
Adding EN signal on $procdff$491 ($adff) from module $paramod$adeecc208996d0b92f0acb5ec38d57453fb9dd41\register_file (D = \write_data, Q = \reg_file[8]).
Handling D = Q on $procdff$464 ($adff) from module $paramod$adeecc208996d0b92f0acb5ec38d57453fb9dd41\register_file (removing D path).
Adding EN signal on $procdff$506 ($adff) from module $paramod$adeecc208996d0b92f0acb5ec38d57453fb9dd41\register_file (D = \write_data, Q = \reg_file[13]).
Adding EN signal on $procdff$467 ($adff) from module $paramod$adeecc208996d0b92f0acb5ec38d57453fb9dd41\register_file (D = \write_data, Q = \reg_file[0]).
Adding EN signal on $procdff$494 ($adff) from module $paramod$adeecc208996d0b92f0acb5ec38d57453fb9dd41\register_file (D = \write_data, Q = \reg_file[9]).
Adding EN signal on $procdff$470 ($adff) from module $paramod$adeecc208996d0b92f0acb5ec38d57453fb9dd41\register_file (D = \write_data, Q = \reg_file[1]).
Adding EN signal on $procdff$473 ($adff) from module $paramod$adeecc208996d0b92f0acb5ec38d57453fb9dd41\register_file (D = \write_data, Q = \reg_file[2]).
Adding EN signal on $procdff$497 ($adff) from module $paramod$adeecc208996d0b92f0acb5ec38d57453fb9dd41\register_file (D = \write_data, Q = \reg_file[10]).
Adding EN signal on $procdff$476 ($adff) from module $paramod$adeecc208996d0b92f0acb5ec38d57453fb9dd41\register_file (D = \write_data, Q = \reg_file[3]).
Adding EN signal on $procdff$509 ($adff) from module $paramod$adeecc208996d0b92f0acb5ec38d57453fb9dd41\register_file (D = \write_data, Q = \reg_file[14]).
Adding EN signal on $procdff$479 ($adff) from module $paramod$adeecc208996d0b92f0acb5ec38d57453fb9dd41\register_file (D = \write_data, Q = \reg_file[4]).
Adding EN signal on $procdff$500 ($adff) from module $paramod$adeecc208996d0b92f0acb5ec38d57453fb9dd41\register_file (D = \write_data, Q = \reg_file[11]).
Adding EN signal on $procdff$482 ($adff) from module $paramod$adeecc208996d0b92f0acb5ec38d57453fb9dd41\register_file (D = \write_data, Q = \reg_file[5]).
Adding EN signal on $procdff$485 ($adff) from module $paramod$adeecc208996d0b92f0acb5ec38d57453fb9dd41\register_file (D = \write_data, Q = \reg_file[6]).
Adding EN signal on $procdff$503 ($adff) from module $paramod$adeecc208996d0b92f0acb5ec38d57453fb9dd41\register_file (D = \write_data, Q = \reg_file[12]).
Setting constant 0-bit at position 0 on $procdff$464 ($dlatch) from module $paramod$adeecc208996d0b92f0acb5ec38d57453fb9dd41\register_file.
Setting constant 0-bit at position 1 on $procdff$464 ($dlatch) from module $paramod$adeecc208996d0b92f0acb5ec38d57453fb9dd41\register_file.
Setting constant 0-bit at position 2 on $procdff$464 ($dlatch) from module $paramod$adeecc208996d0b92f0acb5ec38d57453fb9dd41\register_file.
Setting constant 0-bit at position 3 on $procdff$464 ($dlatch) from module $paramod$adeecc208996d0b92f0acb5ec38d57453fb9dd41\register_file.
Setting constant 1-bit at position 4 on $procdff$464 ($dlatch) from module $paramod$adeecc208996d0b92f0acb5ec38d57453fb9dd41\register_file.
Setting constant 0-bit at position 5 on $procdff$464 ($dlatch) from module $paramod$adeecc208996d0b92f0acb5ec38d57453fb9dd41\register_file.
Setting constant 0-bit at position 6 on $procdff$464 ($dlatch) from module $paramod$adeecc208996d0b92f0acb5ec38d57453fb9dd41\register_file.
Setting constant 0-bit at position 7 on $procdff$464 ($dlatch) from module $paramod$adeecc208996d0b92f0acb5ec38d57453fb9dd41\register_file.
Setting constant 0-bit at position 8 on $procdff$464 ($dlatch) from module $paramod$adeecc208996d0b92f0acb5ec38d57453fb9dd41\register_file.
Setting constant 0-bit at position 9 on $procdff$464 ($dlatch) from module $paramod$adeecc208996d0b92f0acb5ec38d57453fb9dd41\register_file.
Setting constant 0-bit at position 10 on $procdff$464 ($dlatch) from module $paramod$adeecc208996d0b92f0acb5ec38d57453fb9dd41\register_file.
Setting constant 0-bit at position 11 on $procdff$464 ($dlatch) from module $paramod$adeecc208996d0b92f0acb5ec38d57453fb9dd41\register_file.
Setting constant 0-bit at position 12 on $procdff$464 ($dlatch) from module $paramod$adeecc208996d0b92f0acb5ec38d57453fb9dd41\register_file.
Setting constant 0-bit at position 13 on $procdff$464 ($dlatch) from module $paramod$adeecc208996d0b92f0acb5ec38d57453fb9dd41\register_file.
Setting constant 0-bit at position 14 on $procdff$464 ($dlatch) from module $paramod$adeecc208996d0b92f0acb5ec38d57453fb9dd41\register_file.
Setting constant 0-bit at position 15 on $procdff$464 ($dlatch) from module $paramod$adeecc208996d0b92f0acb5ec38d57453fb9dd41\register_file.
Setting constant 0-bit at position 16 on $procdff$464 ($dlatch) from module $paramod$adeecc208996d0b92f0acb5ec38d57453fb9dd41\register_file.
Setting constant 0-bit at position 17 on $procdff$464 ($dlatch) from module $paramod$adeecc208996d0b92f0acb5ec38d57453fb9dd41\register_file.
Setting constant 0-bit at position 18 on $procdff$464 ($dlatch) from module $paramod$adeecc208996d0b92f0acb5ec38d57453fb9dd41\register_file.
Setting constant 0-bit at position 19 on $procdff$464 ($dlatch) from module $paramod$adeecc208996d0b92f0acb5ec38d57453fb9dd41\register_file.
Setting constant 0-bit at position 20 on $procdff$464 ($dlatch) from module $paramod$adeecc208996d0b92f0acb5ec38d57453fb9dd41\register_file.
Setting constant 0-bit at position 21 on $procdff$464 ($dlatch) from module $paramod$adeecc208996d0b92f0acb5ec38d57453fb9dd41\register_file.
Setting constant 0-bit at position 22 on $procdff$464 ($dlatch) from module $paramod$adeecc208996d0b92f0acb5ec38d57453fb9dd41\register_file.
Setting constant 0-bit at position 23 on $procdff$464 ($dlatch) from module $paramod$adeecc208996d0b92f0acb5ec38d57453fb9dd41\register_file.
Setting constant 0-bit at position 24 on $procdff$464 ($dlatch) from module $paramod$adeecc208996d0b92f0acb5ec38d57453fb9dd41\register_file.
Setting constant 0-bit at position 25 on $procdff$464 ($dlatch) from module $paramod$adeecc208996d0b92f0acb5ec38d57453fb9dd41\register_file.
Setting constant 0-bit at position 26 on $procdff$464 ($dlatch) from module $paramod$adeecc208996d0b92f0acb5ec38d57453fb9dd41\register_file.
Setting constant 0-bit at position 27 on $procdff$464 ($dlatch) from module $paramod$adeecc208996d0b92f0acb5ec38d57453fb9dd41\register_file.
Setting constant 0-bit at position 28 on $procdff$464 ($dlatch) from module $paramod$adeecc208996d0b92f0acb5ec38d57453fb9dd41\register_file.
Setting constant 0-bit at position 29 on $procdff$464 ($dlatch) from module $paramod$adeecc208996d0b92f0acb5ec38d57453fb9dd41\register_file.
Setting constant 0-bit at position 30 on $procdff$464 ($dlatch) from module $paramod$adeecc208996d0b92f0acb5ec38d57453fb9dd41\register_file.
Setting constant 0-bit at position 31 on $procdff$464 ($dlatch) from module $paramod$adeecc208996d0b92f0acb5ec38d57453fb9dd41\register_file.
Setting constant 1-bit at position 0 on $procdff$515 ($adff) from module $paramod$adeecc208996d0b92f0acb5ec38d57453fb9dd41\register_file.
Setting constant 1-bit at position 1 on $procdff$515 ($adff) from module $paramod$adeecc208996d0b92f0acb5ec38d57453fb9dd41\register_file.
Setting constant 1-bit at position 2 on $procdff$515 ($adff) from module $paramod$adeecc208996d0b92f0acb5ec38d57453fb9dd41\register_file.
Setting constant 1-bit at position 3 on $procdff$515 ($adff) from module $paramod$adeecc208996d0b92f0acb5ec38d57453fb9dd41\register_file.
Setting constant 1-bit at position 0 on $procdff$518 ($adff) from module $paramod$adeecc208996d0b92f0acb5ec38d57453fb9dd41\register_file.
Setting constant 1-bit at position 1 on $procdff$518 ($adff) from module $paramod$adeecc208996d0b92f0acb5ec38d57453fb9dd41\register_file.
Setting constant 1-bit at position 2 on $procdff$518 ($adff) from module $paramod$adeecc208996d0b92f0acb5ec38d57453fb9dd41\register_file.
Setting constant 1-bit at position 3 on $procdff$518 ($adff) from module $paramod$adeecc208996d0b92f0acb5ec38d57453fb9dd41\register_file.
Setting constant 1-bit at position 4 on $procdff$518 ($adff) from module $paramod$adeecc208996d0b92f0acb5ec38d57453fb9dd41\register_file.
Setting constant 1-bit at position 5 on $procdff$518 ($adff) from module $paramod$adeecc208996d0b92f0acb5ec38d57453fb9dd41\register_file.
Setting constant 1-bit at position 6 on $procdff$518 ($adff) from module $paramod$adeecc208996d0b92f0acb5ec38d57453fb9dd41\register_file.
Setting constant 1-bit at position 7 on $procdff$518 ($adff) from module $paramod$adeecc208996d0b92f0acb5ec38d57453fb9dd41\register_file.

10.7. Executing OPT_CLEAN pass (remove unused cells and wires).
Finding unused cells or wires in module \top..
Finding unused cells or wires in module \control_unit..
Finding unused cells or wires in module $paramod\program_counter\ADDR_WIDTH=s32'00000000000000000000000000001000..
Finding unused cells or wires in module $paramod$41b5ca74f47e7a33e8f0244a1d284342a6461bce\instruction_memory..
Finding unused cells or wires in module $paramod\instruction_decoder\INSTR_WIDTH=s32'00000000000000000000000000010000..
Finding unused cells or wires in module $paramod$adeecc208996d0b92f0acb5ec38d57453fb9dd41\register_file..
Finding unused cells or wires in module $paramod\alu\DATA_WIDTH=s32'00000000000000000000000000001000..
Removed 33 unused cells and 203 unused wires.
<suppressed ~40 debug messages>

10.8. Executing OPT_EXPR pass (perform const folding).
Optimizing module top.
Optimizing module control_unit.
Optimizing module $paramod\program_counter\ADDR_WIDTH=s32'00000000000000000000000000001000.
Optimizing module $paramod$41b5ca74f47e7a33e8f0244a1d284342a6461bce\instruction_memory.
Optimizing module $paramod\instruction_decoder\INSTR_WIDTH=s32'00000000000000000000000000010000.
Optimizing module $paramod$adeecc208996d0b92f0acb5ec38d57453fb9dd41\register_file.
Optimizing module $paramod\alu\DATA_WIDTH=s32'00000000000000000000000000001000.

10.9. Rerunning OPT passes. (Maybe there is more to do..)

10.10. Executing OPT_MUXTREE pass (detect dead branches in mux trees).
Running muxtree optimizer on module \top..
  Creating internal representation of mux trees.
  Evaluating internal representation of mux trees.
  Analyzing evaluation results.
Running muxtree optimizer on module \control_unit..
  Creating internal representation of mux trees.
  Evaluating internal representation of mux trees.
  Analyzing evaluation results.
Running muxtree optimizer on module $paramod\program_counter\ADDR_WIDTH=s32'00000000000000000000000000001000..
  Creating internal representation of mux trees.
  No muxes found in this module.
Running muxtree optimizer on module $paramod$41b5ca74f47e7a33e8f0244a1d284342a6461bce\instruction_memory..
  Creating internal representation of mux trees.
  No muxes found in this module.
Running muxtree optimizer on module $paramod\instruction_decoder\INSTR_WIDTH=s32'00000000000000000000000000010000..
  Creating internal representation of mux trees.
  No muxes found in this module.
Running muxtree optimizer on module $paramod$adeecc208996d0b92f0acb5ec38d57453fb9dd41\register_file..
  Creating internal representation of mux trees.
  Evaluating internal representation of mux trees.
  Analyzing evaluation results.
Running muxtree optimizer on module $paramod\alu\DATA_WIDTH=s32'00000000000000000000000000001000..
  Creating internal representation of mux trees.
  Evaluating internal representation of mux trees.
  Analyzing evaluation results.
Removed 0 multiplexer ports.
<suppressed ~18 debug messages>

10.11. Executing OPT_REDUCE pass (consolidate $*mux and $reduce_* inputs).
  Optimizing cells in module \top.
  Optimizing cells in module \control_unit.
  Optimizing cells in module $paramod\program_counter\ADDR_WIDTH=s32'00000000000000000000000000001000.
  Optimizing cells in module $paramod$41b5ca74f47e7a33e8f0244a1d284342a6461bce\instruction_memory.
  Optimizing cells in module $paramod\instruction_decoder\INSTR_WIDTH=s32'00000000000000000000000000010000.
  Optimizing cells in module $paramod$adeecc208996d0b92f0acb5ec38d57453fb9dd41\register_file.
  Optimizing cells in module $paramod\alu\DATA_WIDTH=s32'00000000000000000000000000001000.
Performed a total of 0 changes.

10.12. Executing OPT_MERGE pass (detect identical cells).
Finding identical cells in module `\top'.
Computing hashes of 7 cells of `\top'.
Finding duplicate cells in `\top'.
Finding identical cells in module `\control_unit'.
Computing hashes of 17 cells of `\control_unit'.
Finding duplicate cells in `\control_unit'.
Finding identical cells in module `$paramod\program_counter\ADDR_WIDTH=s32'00000000000000000000000000001000'.
Computing hashes of 1 cells of `$paramod\program_counter\ADDR_WIDTH=s32'00000000000000000000000000001000'.
Finding duplicate cells in `$paramod\program_counter\ADDR_WIDTH=s32'00000000000000000000000000001000'.
Finding identical cells in module `$paramod$41b5ca74f47e7a33e8f0244a1d284342a6461bce\instruction_memory'.
Computing hashes of 12 cells of `$paramod$41b5ca74f47e7a33e8f0244a1d284342a6461bce\instruction_memory'.
Finding duplicate cells in `$paramod$41b5ca74f47e7a33e8f0244a1d284342a6461bce\instruction_memory'.
Finding identical cells in module `$paramod\instruction_decoder\INSTR_WIDTH=s32'00000000000000000000000000010000'.
Computing hashes of 0 cells of `$paramod\instruction_decoder\INSTR_WIDTH=s32'00000000000000000000000000010000'.
Finding duplicate cells in `$paramod\instruction_decoder\INSTR_WIDTH=s32'00000000000000000000000000010000'.
Finding identical cells in module `$paramod$adeecc208996d0b92f0acb5ec38d57453fb9dd41\register_file'.
Computing hashes of 82 cells of `$paramod$adeecc208996d0b92f0acb5ec38d57453fb9dd41\register_file'.
Finding duplicate cells in `$paramod$adeecc208996d0b92f0acb5ec38d57453fb9dd41\register_file'.
Finding identical cells in module `$paramod\alu\DATA_WIDTH=s32'00000000000000000000000000001000'.
Computing hashes of 18 cells of `$paramod\alu\DATA_WIDTH=s32'00000000000000000000000000001000'.
Finding duplicate cells in `$paramod\alu\DATA_WIDTH=s32'00000000000000000000000000001000'.
Removed a total of 0 cells.

10.13. Executing OPT_DFF pass (perform DFF optimizations).

10.14. Executing OPT_CLEAN pass (remove unused cells and wires).
Finding unused cells or wires in module \top..
Finding unused cells or wires in module \control_unit..
Finding unused cells or wires in module $paramod\program_counter\ADDR_WIDTH=s32'00000000000000000000000000001000..
Finding unused cells or wires in module $paramod$41b5ca74f47e7a33e8f0244a1d284342a6461bce\instruction_memory..
Finding unused cells or wires in module $paramod\instruction_decoder\INSTR_WIDTH=s32'00000000000000000000000000010000..
Finding unused cells or wires in module $paramod$adeecc208996d0b92f0acb5ec38d57453fb9dd41\register_file..
Finding unused cells or wires in module $paramod\alu\DATA_WIDTH=s32'00000000000000000000000000001000..

10.15. Executing OPT_EXPR pass (perform const folding).
Optimizing module top.
Optimizing module control_unit.
Optimizing module $paramod\program_counter\ADDR_WIDTH=s32'00000000000000000000000000001000.
Optimizing module $paramod$41b5ca74f47e7a33e8f0244a1d284342a6461bce\instruction_memory.
Optimizing module $paramod\instruction_decoder\INSTR_WIDTH=s32'00000000000000000000000000010000.
Optimizing module $paramod$adeecc208996d0b92f0acb5ec38d57453fb9dd41\register_file.
Optimizing module $paramod\alu\DATA_WIDTH=s32'00000000000000000000000000001000.

10.16. Finished fast OPT passes. (There is nothing left to do.)

11. Executing FSM pass (extract and optimize FSM).

11.1. Executing FSM_DETECT pass (finding FSMs in design).

11.2. Executing FSM_EXTRACT pass (extracting FSM from design).

11.3. Executing FSM_OPT pass (simple optimizations of FSMs).

11.4. Executing OPT_CLEAN pass (remove unused cells and wires).
Finding unused cells or wires in module \top..
Finding unused cells or wires in module \control_unit..
Finding unused cells or wires in module $paramod\program_counter\ADDR_WIDTH=s32'00000000000000000000000000001000..
Finding unused cells or wires in module $paramod$41b5ca74f47e7a33e8f0244a1d284342a6461bce\instruction_memory..
Finding unused cells or wires in module $paramod\instruction_decoder\INSTR_WIDTH=s32'00000000000000000000000000010000..
Finding unused cells or wires in module $paramod$adeecc208996d0b92f0acb5ec38d57453fb9dd41\register_file..
Finding unused cells or wires in module $paramod\alu\DATA_WIDTH=s32'00000000000000000000000000001000..

11.5. Executing FSM_OPT pass (simple optimizations of FSMs).

11.6. Executing FSM_RECODE pass (re-assigning FSM state encoding).

11.7. Executing FSM_INFO pass (dumping all available information on FSM cells).

11.8. Executing FSM_MAP pass (mapping FSMs to basic logic).

12. Executing OPT pass (performing simple optimizations).

12.1. Executing OPT_EXPR pass (perform const folding).
Optimizing module top.
Optimizing module control_unit.
Optimizing module $paramod\program_counter\ADDR_WIDTH=s32'00000000000000000000000000001000.
Optimizing module $paramod$41b5ca74f47e7a33e8f0244a1d284342a6461bce\instruction_memory.
Optimizing module $paramod\instruction_decoder\INSTR_WIDTH=s32'00000000000000000000000000010000.
Optimizing module $paramod$adeecc208996d0b92f0acb5ec38d57453fb9dd41\register_file.
Optimizing module $paramod\alu\DATA_WIDTH=s32'00000000000000000000000000001000.

12.2. Executing OPT_MERGE pass (detect identical cells).
Finding identical cells in module `\top'.
Computing hashes of 7 cells of `\top'.
Finding duplicate cells in `\top'.
Finding identical cells in module `\control_unit'.
Computing hashes of 17 cells of `\control_unit'.
Finding duplicate cells in `\control_unit'.
Finding identical cells in module `$paramod\program_counter\ADDR_WIDTH=s32'00000000000000000000000000001000'.
Computing hashes of 1 cells of `$paramod\program_counter\ADDR_WIDTH=s32'00000000000000000000000000001000'.
Finding duplicate cells in `$paramod\program_counter\ADDR_WIDTH=s32'00000000000000000000000000001000'.
Finding identical cells in module `$paramod$41b5ca74f47e7a33e8f0244a1d284342a6461bce\instruction_memory'.
Computing hashes of 12 cells of `$paramod$41b5ca74f47e7a33e8f0244a1d284342a6461bce\instruction_memory'.
Finding duplicate cells in `$paramod$41b5ca74f47e7a33e8f0244a1d284342a6461bce\instruction_memory'.
Finding identical cells in module `$paramod\instruction_decoder\INSTR_WIDTH=s32'00000000000000000000000000010000'.
Computing hashes of 0 cells of `$paramod\instruction_decoder\INSTR_WIDTH=s32'00000000000000000000000000010000'.
Finding duplicate cells in `$paramod\instruction_decoder\INSTR_WIDTH=s32'00000000000000000000000000010000'.
Finding identical cells in module `$paramod$adeecc208996d0b92f0acb5ec38d57453fb9dd41\register_file'.
Computing hashes of 82 cells of `$paramod$adeecc208996d0b92f0acb5ec38d57453fb9dd41\register_file'.
Finding duplicate cells in `$paramod$adeecc208996d0b92f0acb5ec38d57453fb9dd41\register_file'.
Finding identical cells in module `$paramod\alu\DATA_WIDTH=s32'00000000000000000000000000001000'.
Computing hashes of 18 cells of `$paramod\alu\DATA_WIDTH=s32'00000000000000000000000000001000'.
Finding duplicate cells in `$paramod\alu\DATA_WIDTH=s32'00000000000000000000000000001000'.
Removed a total of 0 cells.

12.3. Executing OPT_MUXTREE pass (detect dead branches in mux trees).
Running muxtree optimizer on module \top..
  Creating internal representation of mux trees.
  Evaluating internal representation of mux trees.
  Analyzing evaluation results.
Running muxtree optimizer on module \control_unit..
  Creating internal representation of mux trees.
  Evaluating internal representation of mux trees.
  Analyzing evaluation results.
Running muxtree optimizer on module $paramod\program_counter\ADDR_WIDTH=s32'00000000000000000000000000001000..
  Creating internal representation of mux trees.
  No muxes found in this module.
Running muxtree optimizer on module $paramod$41b5ca74f47e7a33e8f0244a1d284342a6461bce\instruction_memory..
  Creating internal representation of mux trees.
  No muxes found in this module.
Running muxtree optimizer on module $paramod\instruction_decoder\INSTR_WIDTH=s32'00000000000000000000000000010000..
  Creating internal representation of mux trees.
  No muxes found in this module.
Running muxtree optimizer on module $paramod$adeecc208996d0b92f0acb5ec38d57453fb9dd41\register_file..
  Creating internal representation of mux trees.
  Evaluating internal representation of mux trees.
  Analyzing evaluation results.
Running muxtree optimizer on module $paramod\alu\DATA_WIDTH=s32'00000000000000000000000000001000..
  Creating internal representation of mux trees.
  Evaluating internal representation of mux trees.
  Analyzing evaluation results.
Removed 0 multiplexer ports.
<suppressed ~18 debug messages>

12.4. Executing OPT_REDUCE pass (consolidate $*mux and $reduce_* inputs).
  Optimizing cells in module \top.
  Optimizing cells in module \control_unit.
  Optimizing cells in module $paramod\program_counter\ADDR_WIDTH=s32'00000000000000000000000000001000.
  Optimizing cells in module $paramod$41b5ca74f47e7a33e8f0244a1d284342a6461bce\instruction_memory.
  Optimizing cells in module $paramod\instruction_decoder\INSTR_WIDTH=s32'00000000000000000000000000010000.
  Optimizing cells in module $paramod$adeecc208996d0b92f0acb5ec38d57453fb9dd41\register_file.
  Optimizing cells in module $paramod\alu\DATA_WIDTH=s32'00000000000000000000000000001000.
Performed a total of 0 changes.

12.5. Executing OPT_MERGE pass (detect identical cells).
Finding identical cells in module `\top'.
Computing hashes of 7 cells of `\top'.
Finding duplicate cells in `\top'.
Finding identical cells in module `\control_unit'.
Computing hashes of 17 cells of `\control_unit'.
Finding duplicate cells in `\control_unit'.
Finding identical cells in module `$paramod\program_counter\ADDR_WIDTH=s32'00000000000000000000000000001000'.
Computing hashes of 1 cells of `$paramod\program_counter\ADDR_WIDTH=s32'00000000000000000000000000001000'.
Finding duplicate cells in `$paramod\program_counter\ADDR_WIDTH=s32'00000000000000000000000000001000'.
Finding identical cells in module `$paramod$41b5ca74f47e7a33e8f0244a1d284342a6461bce\instruction_memory'.
Computing hashes of 12 cells of `$paramod$41b5ca74f47e7a33e8f0244a1d284342a6461bce\instruction_memory'.
Finding duplicate cells in `$paramod$41b5ca74f47e7a33e8f0244a1d284342a6461bce\instruction_memory'.
Finding identical cells in module `$paramod\instruction_decoder\INSTR_WIDTH=s32'00000000000000000000000000010000'.
Computing hashes of 0 cells of `$paramod\instruction_decoder\INSTR_WIDTH=s32'00000000000000000000000000010000'.
Finding duplicate cells in `$paramod\instruction_decoder\INSTR_WIDTH=s32'00000000000000000000000000010000'.
Finding identical cells in module `$paramod$adeecc208996d0b92f0acb5ec38d57453fb9dd41\register_file'.
Computing hashes of 82 cells of `$paramod$adeecc208996d0b92f0acb5ec38d57453fb9dd41\register_file'.
Finding duplicate cells in `$paramod$adeecc208996d0b92f0acb5ec38d57453fb9dd41\register_file'.
Finding identical cells in module `$paramod\alu\DATA_WIDTH=s32'00000000000000000000000000001000'.
Computing hashes of 18 cells of `$paramod\alu\DATA_WIDTH=s32'00000000000000000000000000001000'.
Finding duplicate cells in `$paramod\alu\DATA_WIDTH=s32'00000000000000000000000000001000'.
Removed a total of 0 cells.

12.6. Executing OPT_DFF pass (perform DFF optimizations).

12.7. Executing OPT_CLEAN pass (remove unused cells and wires).
Finding unused cells or wires in module \top..
Finding unused cells or wires in module \control_unit..
Finding unused cells or wires in module $paramod\program_counter\ADDR_WIDTH=s32'00000000000000000000000000001000..
Finding unused cells or wires in module $paramod$41b5ca74f47e7a33e8f0244a1d284342a6461bce\instruction_memory..
Finding unused cells or wires in module $paramod\instruction_decoder\INSTR_WIDTH=s32'00000000000000000000000000010000..
Finding unused cells or wires in module $paramod$adeecc208996d0b92f0acb5ec38d57453fb9dd41\register_file..
Finding unused cells or wires in module $paramod\alu\DATA_WIDTH=s32'00000000000000000000000000001000..

12.8. Executing OPT_EXPR pass (perform const folding).
Optimizing module top.
Optimizing module control_unit.
Optimizing module $paramod\program_counter\ADDR_WIDTH=s32'00000000000000000000000000001000.
Optimizing module $paramod$41b5ca74f47e7a33e8f0244a1d284342a6461bce\instruction_memory.
Optimizing module $paramod\instruction_decoder\INSTR_WIDTH=s32'00000000000000000000000000010000.
Optimizing module $paramod$adeecc208996d0b92f0acb5ec38d57453fb9dd41\register_file.
Optimizing module $paramod\alu\DATA_WIDTH=s32'00000000000000000000000000001000.

12.9. Finished fast OPT passes. (There is nothing left to do.)

13. Executing MEMORY pass.

13.1. Executing OPT_MEM pass (optimize memories).
$paramod$41b5ca74f47e7a33e8f0244a1d284342a6461bce\instruction_memory.mem: removing const-0 lane 3
$paramod$41b5ca74f47e7a33e8f0244a1d284342a6461bce\instruction_memory.mem: removing const-0 lane 4
$paramod$41b5ca74f47e7a33e8f0244a1d284342a6461bce\instruction_memory.mem: removing const-0 lane 5
$paramod$41b5ca74f47e7a33e8f0244a1d284342a6461bce\instruction_memory.mem: removing const-0 lane 6
$paramod$41b5ca74f47e7a33e8f0244a1d284342a6461bce\instruction_memory.mem: removing const-0 lane 7
Performed a total of 1 transformations.

13.2. Executing OPT_MEM_PRIORITY pass (removing unnecessary memory write priority relations).
Performed a total of 0 transformations.

13.3. Executing OPT_MEM_FEEDBACK pass (finding memory read-to-write feedback paths).

13.4. Executing MEMORY_BMUX2ROM pass (converting muxes to ROMs).

13.5. Executing MEMORY_DFF pass (merging $dff cells to $memrd).
Checking read port `\mem'[0] in module `$paramod$41b5ca74f47e7a33e8f0244a1d284342a6461bce\instruction_memory': no output FF found.
Checking read port address `\mem'[0] in module `$paramod$41b5ca74f47e7a33e8f0244a1d284342a6461bce\instruction_memory': no address FF found.

13.6. Executing OPT_CLEAN pass (remove unused cells and wires).
Finding unused cells or wires in module \top..
Finding unused cells or wires in module \control_unit..
Finding unused cells or wires in module $paramod\program_counter\ADDR_WIDTH=s32'00000000000000000000000000001000..
Finding unused cells or wires in module $paramod$41b5ca74f47e7a33e8f0244a1d284342a6461bce\instruction_memory..
Finding unused cells or wires in module $paramod\instruction_decoder\INSTR_WIDTH=s32'00000000000000000000000000010000..
Finding unused cells or wires in module $paramod$adeecc208996d0b92f0acb5ec38d57453fb9dd41\register_file..
Finding unused cells or wires in module $paramod\alu\DATA_WIDTH=s32'00000000000000000000000000001000..

13.7. Executing MEMORY_SHARE pass (consolidating $memrd/$memwr cells).

13.8. Executing OPT_MEM_WIDEN pass (optimize memories where all ports are wide).
Performed a total of 0 transformations.

13.9. Executing OPT_CLEAN pass (remove unused cells and wires).
Finding unused cells or wires in module \top..
Finding unused cells or wires in module \control_unit..
Finding unused cells or wires in module $paramod\program_counter\ADDR_WIDTH=s32'00000000000000000000000000001000..
Finding unused cells or wires in module $paramod$41b5ca74f47e7a33e8f0244a1d284342a6461bce\instruction_memory..
Finding unused cells or wires in module $paramod\instruction_decoder\INSTR_WIDTH=s32'00000000000000000000000000010000..
Finding unused cells or wires in module $paramod$adeecc208996d0b92f0acb5ec38d57453fb9dd41\register_file..
Finding unused cells or wires in module $paramod\alu\DATA_WIDTH=s32'00000000000000000000000000001000..

13.10. Executing MEMORY_COLLECT pass (generating $mem cells).

13.11. Executing MEMORY_MAP pass (converting memories to logic and flip-flops).
Mapping memory \mem in module $paramod$41b5ca74f47e7a33e8f0244a1d284342a6461bce\instruction_memory:
  created 256 $dff cells and 0 static cells of width 11.
  read interface: 0 $dff and 255 $mux cells.
  write interface: 0 write mux blocks.

14. Executing MEMORY_MAP pass (converting memories to logic and flip-flops).

15. Executing TECHMAP pass (map to technology primitives).

15.1. Executing Verilog-2005 frontend: /opt/homebrew/bin/../share/yosys/techmap.v
Parsing Verilog input from `/opt/homebrew/bin/../share/yosys/techmap.v' to AST representation.
Generating RTLIL representation for module `\_90_simplemap_bool_ops'.
Generating RTLIL representation for module `\_90_simplemap_reduce_ops'.
Generating RTLIL representation for module `\_90_simplemap_logic_ops'.
Generating RTLIL representation for module `\_90_simplemap_compare_ops'.
Generating RTLIL representation for module `\_90_simplemap_various'.
Generating RTLIL representation for module `\_90_simplemap_registers'.
Generating RTLIL representation for module `\_90_shift_ops_shr_shl_sshl_sshr'.
Generating RTLIL representation for module `\_90_shift_shiftx'.
Generating RTLIL representation for module `\_90_fa'.
Generating RTLIL representation for module `\_90_lcu_brent_kung'.
Generating RTLIL representation for module `\_90_alu'.
Generating RTLIL representation for module `\_90_macc'.
Generating RTLIL representation for module `\_90_alumacc'.
Generating RTLIL representation for module `$__div_mod_u'.
Generating RTLIL representation for module `$__div_mod_trunc'.
Generating RTLIL representation for module `\_90_div'.
Generating RTLIL representation for module `\_90_mod'.
Generating RTLIL representation for module `$__div_mod_floor'.
Generating RTLIL representation for module `\_90_divfloor'.
Generating RTLIL representation for module `\_90_modfloor'.
Generating RTLIL representation for module `\_90_pow'.
Generating RTLIL representation for module `\_90_demux'.
Generating RTLIL representation for module `\_90_lut'.
Generating RTLIL representation for module `$connect'.
Generating RTLIL representation for module `$input_port'.
Successfully finished Verilog frontend.

15.2. Continuing TECHMAP pass.
Running "alumacc" on wrapper $extern:wrap:$add:Y_WIDTH=9:B_WIDTH=8:A_WIDTH=8:B_SIGNED=0:A_SIGNED=0:394426c56d1a028ba8fdd5469b163e04011def47.
Using template $extern:wrap:$add:Y_WIDTH=9:B_WIDTH=8:A_WIDTH=8:B_SIGNED=0:A_SIGNED=0:394426c56d1a028ba8fdd5469b163e04011def47 for cells of type $extern:wrap:$add:Y_WIDTH=9:B_WIDTH=8:A_WIDTH=8:B_SIGNED=0:A_SIGNED=0:394426c56d1a028ba8fdd5469b163e04011def47.
Running "alumacc" on wrapper $extern:wrap:$sub:Y_WIDTH=9:B_WIDTH=8:A_WIDTH=8:B_SIGNED=0:A_SIGNED=0:394426c56d1a028ba8fdd5469b163e04011def47.
Using template $extern:wrap:$sub:Y_WIDTH=9:B_WIDTH=8:A_WIDTH=8:B_SIGNED=0:A_SIGNED=0:394426c56d1a028ba8fdd5469b163e04011def47 for cells of type $extern:wrap:$sub:Y_WIDTH=9:B_WIDTH=8:A_WIDTH=8:B_SIGNED=0:A_SIGNED=0:394426c56d1a028ba8fdd5469b163e04011def47.
Using extmapper simplemap for cells of type $and.
Using extmapper simplemap for cells of type $or.
Using extmapper simplemap for cells of type $xor.
Using extmapper simplemap for cells of type $not.
Using extmapper simplemap for cells of type $logic_not.
Using extmapper simplemap for cells of type $eq.
Using extmapper simplemap for cells of type $pmux.
Using template $paramod$4ccbe221165818e15f326ddee3d1183c7924e12f\_90_alu for cells of type $alu.
Using template $paramod\_90_fa\WIDTH=32'00000000000000000000000000001001 for cells of type $fa.
Using template $paramod\_90_lcu_brent_kung\WIDTH=32'00000000000000000000000000001001 for cells of type $lcu.
Using extmapper simplemap for cells of type $pos.
Using extmapper simplemap for cells of type $mux.
Using extmapper simplemap for cells of type $reduce_and.
Using extmapper simplemap for cells of type $adffe.
Using extmapper simplemap for cells of type $reduce_or.
Running "alumacc" on wrapper $extern:wrap:$add:Y_WIDTH=32:B_WIDTH=32:A_WIDTH=8:B_SIGNED=0:A_SIGNED=0:394426c56d1a028ba8fdd5469b163e04011def47.
Using template $extern:wrap:$add:Y_WIDTH=32:B_WIDTH=32:A_WIDTH=8:B_SIGNED=0:A_SIGNED=0:394426c56d1a028ba8fdd5469b163e04011def47 for cells of type $extern:wrap:$add:Y_WIDTH=32:B_WIDTH=32:A_WIDTH=8:B_SIGNED=0:A_SIGNED=0:394426c56d1a028ba8fdd5469b163e04011def47.
Using template $paramod$91f82ead1edc61e0a1452110f15ef747116b421b\_90_alu for cells of type $alu.
Using template $paramod\_90_fa\WIDTH=32'00000000000000000000000000100000 for cells of type $fa.
Using template $paramod\_90_lcu_brent_kung\WIDTH=32'00000000000000000000000000100000 for cells of type $lcu.
No more expansions possible.
<suppressed ~1052 debug messages>

16. Executing OPT pass (performing simple optimizations).

16.1. Executing OPT_EXPR pass (perform const folding).
Optimizing module top.
Optimizing module control_unit.
<suppressed ~470 debug messages>
Optimizing module $paramod\program_counter\ADDR_WIDTH=s32'00000000000000000000000000001000.
Optimizing module $paramod$41b5ca74f47e7a33e8f0244a1d284342a6461bce\instruction_memory.
<suppressed ~2695 debug messages>
Optimizing module $paramod\instruction_decoder\INSTR_WIDTH=s32'00000000000000000000000000010000.
Optimizing module $paramod$adeecc208996d0b92f0acb5ec38d57453fb9dd41\register_file.
<suppressed ~180 debug messages>
Optimizing module $paramod\alu\DATA_WIDTH=s32'00000000000000000000000000001000.
<suppressed ~132 debug messages>

16.2. Executing OPT_MERGE pass (detect identical cells).
Finding identical cells in module `\top'.
Computing hashes of 14 cells of `\top'.
Finding duplicate cells in `\top'.
Finding identical cells in module `\control_unit'.
Computing hashes of 113 cells of `\control_unit'.
Finding duplicate cells in `\control_unit'.
Computing hashes of 89 cells of `\control_unit'.
Finding duplicate cells in `\control_unit'.
Computing hashes of 79 cells of `\control_unit'.
Finding duplicate cells in `\control_unit'.
Computing hashes of 78 cells of `\control_unit'.
Finding duplicate cells in `\control_unit'.
<suppressed ~105 debug messages>
Finding identical cells in module `$paramod\program_counter\ADDR_WIDTH=s32'00000000000000000000000000001000'.
Computing hashes of 8 cells of `$paramod\program_counter\ADDR_WIDTH=s32'00000000000000000000000000001000'.
Finding duplicate cells in `$paramod\program_counter\ADDR_WIDTH=s32'00000000000000000000000000001000'.
Finding identical cells in module `$paramod$41b5ca74f47e7a33e8f0244a1d284342a6461bce\instruction_memory'.
Computing hashes of 110 cells of `$paramod$41b5ca74f47e7a33e8f0244a1d284342a6461bce\instruction_memory'.
Finding duplicate cells in `$paramod$41b5ca74f47e7a33e8f0244a1d284342a6461bce\instruction_memory'.
Computing hashes of 93 cells of `$paramod$41b5ca74f47e7a33e8f0244a1d284342a6461bce\instruction_memory'.
Finding duplicate cells in `$paramod$41b5ca74f47e7a33e8f0244a1d284342a6461bce\instruction_memory'.
Computing hashes of 87 cells of `$paramod$41b5ca74f47e7a33e8f0244a1d284342a6461bce\instruction_memory'.
Finding duplicate cells in `$paramod$41b5ca74f47e7a33e8f0244a1d284342a6461bce\instruction_memory'.
Computing hashes of 82 cells of `$paramod$41b5ca74f47e7a33e8f0244a1d284342a6461bce\instruction_memory'.
Finding duplicate cells in `$paramod$41b5ca74f47e7a33e8f0244a1d284342a6461bce\instruction_memory'.
<suppressed ~84 debug messages>
Finding identical cells in module `$paramod\instruction_decoder\INSTR_WIDTH=s32'00000000000000000000000000010000'.
Computing hashes of 0 cells of `$paramod\instruction_decoder\INSTR_WIDTH=s32'00000000000000000000000000010000'.
Finding duplicate cells in `$paramod\instruction_decoder\INSTR_WIDTH=s32'00000000000000000000000000010000'.
Finding identical cells in module `$paramod$adeecc208996d0b92f0acb5ec38d57453fb9dd41\register_file'.
Computing hashes of 974 cells of `$paramod$adeecc208996d0b92f0acb5ec38d57453fb9dd41\register_file'.
Finding duplicate cells in `$paramod$adeecc208996d0b92f0acb5ec38d57453fb9dd41\register_file'.
Computing hashes of 872 cells of `$paramod$adeecc208996d0b92f0acb5ec38d57453fb9dd41\register_file'.
Finding duplicate cells in `$paramod$adeecc208996d0b92f0acb5ec38d57453fb9dd41\register_file'.
Computing hashes of 818 cells of `$paramod$adeecc208996d0b92f0acb5ec38d57453fb9dd41\register_file'.
Finding duplicate cells in `$paramod$adeecc208996d0b92f0acb5ec38d57453fb9dd41\register_file'.
<suppressed ~468 debug messages>
Finding identical cells in module `$paramod\alu\DATA_WIDTH=s32'00000000000000000000000000001000'.
Computing hashes of 377 cells of `$paramod\alu\DATA_WIDTH=s32'00000000000000000000000000001000'.
Finding duplicate cells in `$paramod\alu\DATA_WIDTH=s32'00000000000000000000000000001000'.
Computing hashes of 337 cells of `$paramod\alu\DATA_WIDTH=s32'00000000000000000000000000001000'.
Finding duplicate cells in `$paramod\alu\DATA_WIDTH=s32'00000000000000000000000000001000'.
Computing hashes of 329 cells of `$paramod\alu\DATA_WIDTH=s32'00000000000000000000000000001000'.
Finding duplicate cells in `$paramod\alu\DATA_WIDTH=s32'00000000000000000000000000001000'.
<suppressed ~144 debug messages>
Removed a total of 267 cells.

16.3. Executing OPT_MUXTREE pass (detect dead branches in mux trees).
Running muxtree optimizer on module \top..
  Creating internal representation of mux trees.
  No muxes found in this module.
Running muxtree optimizer on module \control_unit..
  Creating internal representation of mux trees.
  No muxes found in this module.
Running muxtree optimizer on module $paramod\program_counter\ADDR_WIDTH=s32'00000000000000000000000000001000..
  Creating internal representation of mux trees.
  No muxes found in this module.
Running muxtree optimizer on module $paramod$41b5ca74f47e7a33e8f0244a1d284342a6461bce\instruction_memory..
  Creating internal representation of mux trees.
  No muxes found in this module.
Running muxtree optimizer on module $paramod\instruction_decoder\INSTR_WIDTH=s32'00000000000000000000000000010000..
  Creating internal representation of mux trees.
  No muxes found in this module.
Running muxtree optimizer on module $paramod$adeecc208996d0b92f0acb5ec38d57453fb9dd41\register_file..
  Creating internal representation of mux trees.
  No muxes found in this module.
Running muxtree optimizer on module $paramod\alu\DATA_WIDTH=s32'00000000000000000000000000001000..
  Creating internal representation of mux trees.
  No muxes found in this module.
Removed 0 multiplexer ports.

16.4. Executing OPT_REDUCE pass (consolidate $*mux and $reduce_* inputs).
  Optimizing cells in module \top.
  Optimizing cells in module \control_unit.
  Optimizing cells in module $paramod\program_counter\ADDR_WIDTH=s32'00000000000000000000000000001000.
  Optimizing cells in module $paramod$41b5ca74f47e7a33e8f0244a1d284342a6461bce\instruction_memory.
  Optimizing cells in module $paramod\instruction_decoder\INSTR_WIDTH=s32'00000000000000000000000000010000.
  Optimizing cells in module $paramod$adeecc208996d0b92f0acb5ec38d57453fb9dd41\register_file.
  Optimizing cells in module $paramod\alu\DATA_WIDTH=s32'00000000000000000000000000001000.
Performed a total of 0 changes.

16.5. Executing OPT_MERGE pass (detect identical cells).
Finding identical cells in module `\top'.
Computing hashes of 14 cells of `\top'.
Finding duplicate cells in `\top'.
Finding identical cells in module `\control_unit'.
Computing hashes of 78 cells of `\control_unit'.
Finding duplicate cells in `\control_unit'.
Finding identical cells in module `$paramod\program_counter\ADDR_WIDTH=s32'00000000000000000000000000001000'.
Computing hashes of 8 cells of `$paramod\program_counter\ADDR_WIDTH=s32'00000000000000000000000000001000'.
Finding duplicate cells in `$paramod\program_counter\ADDR_WIDTH=s32'00000000000000000000000000001000'.
Finding identical cells in module `$paramod$41b5ca74f47e7a33e8f0244a1d284342a6461bce\instruction_memory'.
Computing hashes of 82 cells of `$paramod$41b5ca74f47e7a33e8f0244a1d284342a6461bce\instruction_memory'.
Finding duplicate cells in `$paramod$41b5ca74f47e7a33e8f0244a1d284342a6461bce\instruction_memory'.
Finding identical cells in module `$paramod\instruction_decoder\INSTR_WIDTH=s32'00000000000000000000000000010000'.
Computing hashes of 0 cells of `$paramod\instruction_decoder\INSTR_WIDTH=s32'00000000000000000000000000010000'.
Finding duplicate cells in `$paramod\instruction_decoder\INSTR_WIDTH=s32'00000000000000000000000000010000'.
Finding identical cells in module `$paramod$adeecc208996d0b92f0acb5ec38d57453fb9dd41\register_file'.
Computing hashes of 818 cells of `$paramod$adeecc208996d0b92f0acb5ec38d57453fb9dd41\register_file'.
Finding duplicate cells in `$paramod$adeecc208996d0b92f0acb5ec38d57453fb9dd41\register_file'.
Finding identical cells in module `$paramod\alu\DATA_WIDTH=s32'00000000000000000000000000001000'.
Computing hashes of 329 cells of `$paramod\alu\DATA_WIDTH=s32'00000000000000000000000000001000'.
Finding duplicate cells in `$paramod\alu\DATA_WIDTH=s32'00000000000000000000000000001000'.
Removed a total of 0 cells.

16.6. Executing OPT_DFF pass (perform DFF optimizations).

16.7. Executing OPT_CLEAN pass (remove unused cells and wires).
Finding unused cells or wires in module \top..
Finding unused cells or wires in module \control_unit..
Finding unused cells or wires in module $paramod\program_counter\ADDR_WIDTH=s32'00000000000000000000000000001000..
Finding unused cells or wires in module $paramod$41b5ca74f47e7a33e8f0244a1d284342a6461bce\instruction_memory..
Finding unused cells or wires in module $paramod\instruction_decoder\INSTR_WIDTH=s32'00000000000000000000000000010000..
Finding unused cells or wires in module $paramod$adeecc208996d0b92f0acb5ec38d57453fb9dd41\register_file..
Finding unused cells or wires in module $paramod\alu\DATA_WIDTH=s32'00000000000000000000000000001000..
Removed 21 unused cells and 1092 unused wires.
<suppressed ~25 debug messages>

16.8. Executing OPT_EXPR pass (perform const folding).
Optimizing module top.
Optimizing module control_unit.
Optimizing module $paramod\program_counter\ADDR_WIDTH=s32'00000000000000000000000000001000.
Optimizing module $paramod$41b5ca74f47e7a33e8f0244a1d284342a6461bce\instruction_memory.
Optimizing module $paramod\instruction_decoder\INSTR_WIDTH=s32'00000000000000000000000000010000.
Optimizing module $paramod$adeecc208996d0b92f0acb5ec38d57453fb9dd41\register_file.
Optimizing module $paramod\alu\DATA_WIDTH=s32'00000000000000000000000000001000.

16.9. Rerunning OPT passes. (Maybe there is more to do..)

16.10. Executing OPT_MUXTREE pass (detect dead branches in mux trees).
Running muxtree optimizer on module \top..
  Creating internal representation of mux trees.
  No muxes found in this module.
Running muxtree optimizer on module \control_unit..
  Creating internal representation of mux trees.
  No muxes found in this module.
Running muxtree optimizer on module $paramod\program_counter\ADDR_WIDTH=s32'00000000000000000000000000001000..
  Creating internal representation of mux trees.
  No muxes found in this module.
Running muxtree optimizer on module $paramod$41b5ca74f47e7a33e8f0244a1d284342a6461bce\instruction_memory..
  Creating internal representation of mux trees.
  No muxes found in this module.
Running muxtree optimizer on module $paramod\instruction_decoder\INSTR_WIDTH=s32'00000000000000000000000000010000..
  Creating internal representation of mux trees.
  No muxes found in this module.
Running muxtree optimizer on module $paramod$adeecc208996d0b92f0acb5ec38d57453fb9dd41\register_file..
  Creating internal representation of mux trees.
  No muxes found in this module.
Running muxtree optimizer on module $paramod\alu\DATA_WIDTH=s32'00000000000000000000000000001000..
  Creating internal representation of mux trees.
  No muxes found in this module.
Removed 0 multiplexer ports.

16.11. Executing OPT_REDUCE pass (consolidate $*mux and $reduce_* inputs).
  Optimizing cells in module \top.
  Optimizing cells in module \control_unit.
  Optimizing cells in module $paramod\program_counter\ADDR_WIDTH=s32'00000000000000000000000000001000.
  Optimizing cells in module $paramod$41b5ca74f47e7a33e8f0244a1d284342a6461bce\instruction_memory.
  Optimizing cells in module $paramod\instruction_decoder\INSTR_WIDTH=s32'00000000000000000000000000010000.
  Optimizing cells in module $paramod$adeecc208996d0b92f0acb5ec38d57453fb9dd41\register_file.
  Optimizing cells in module $paramod\alu\DATA_WIDTH=s32'00000000000000000000000000001000.
Performed a total of 0 changes.

16.12. Executing OPT_MERGE pass (detect identical cells).
Finding identical cells in module `\top'.
Computing hashes of 14 cells of `\top'.
Finding duplicate cells in `\top'.
Finding identical cells in module `\control_unit'.
Computing hashes of 75 cells of `\control_unit'.
Finding duplicate cells in `\control_unit'.
Finding identical cells in module `$paramod\program_counter\ADDR_WIDTH=s32'00000000000000000000000000001000'.
Computing hashes of 8 cells of `$paramod\program_counter\ADDR_WIDTH=s32'00000000000000000000000000001000'.
Finding duplicate cells in `$paramod\program_counter\ADDR_WIDTH=s32'00000000000000000000000000001000'.
Finding identical cells in module `$paramod$41b5ca74f47e7a33e8f0244a1d284342a6461bce\instruction_memory'.
Computing hashes of 82 cells of `$paramod$41b5ca74f47e7a33e8f0244a1d284342a6461bce\instruction_memory'.
Finding duplicate cells in `$paramod$41b5ca74f47e7a33e8f0244a1d284342a6461bce\instruction_memory'.
Finding identical cells in module `$paramod\instruction_decoder\INSTR_WIDTH=s32'00000000000000000000000000010000'.
Computing hashes of 0 cells of `$paramod\instruction_decoder\INSTR_WIDTH=s32'00000000000000000000000000010000'.
Finding duplicate cells in `$paramod\instruction_decoder\INSTR_WIDTH=s32'00000000000000000000000000010000'.
Finding identical cells in module `$paramod$adeecc208996d0b92f0acb5ec38d57453fb9dd41\register_file'.
Computing hashes of 818 cells of `$paramod$adeecc208996d0b92f0acb5ec38d57453fb9dd41\register_file'.
Finding duplicate cells in `$paramod$adeecc208996d0b92f0acb5ec38d57453fb9dd41\register_file'.
Finding identical cells in module `$paramod\alu\DATA_WIDTH=s32'00000000000000000000000000001000'.
Computing hashes of 311 cells of `$paramod\alu\DATA_WIDTH=s32'00000000000000000000000000001000'.
Finding duplicate cells in `$paramod\alu\DATA_WIDTH=s32'00000000000000000000000000001000'.
Removed a total of 0 cells.

16.13. Executing OPT_DFF pass (perform DFF optimizations).

16.14. Executing OPT_CLEAN pass (remove unused cells and wires).
Finding unused cells or wires in module \top..
Finding unused cells or wires in module \control_unit..
Finding unused cells or wires in module $paramod\program_counter\ADDR_WIDTH=s32'00000000000000000000000000001000..
Finding unused cells or wires in module $paramod$41b5ca74f47e7a33e8f0244a1d284342a6461bce\instruction_memory..
Finding unused cells or wires in module $paramod\instruction_decoder\INSTR_WIDTH=s32'00000000000000000000000000010000..
Finding unused cells or wires in module $paramod$adeecc208996d0b92f0acb5ec38d57453fb9dd41\register_file..
Finding unused cells or wires in module $paramod\alu\DATA_WIDTH=s32'00000000000000000000000000001000..

16.15. Executing OPT_EXPR pass (perform const folding).
Optimizing module top.
Optimizing module control_unit.
Optimizing module $paramod\program_counter\ADDR_WIDTH=s32'00000000000000000000000000001000.
Optimizing module $paramod$41b5ca74f47e7a33e8f0244a1d284342a6461bce\instruction_memory.
Optimizing module $paramod\instruction_decoder\INSTR_WIDTH=s32'00000000000000000000000000010000.
Optimizing module $paramod$adeecc208996d0b92f0acb5ec38d57453fb9dd41\register_file.
Optimizing module $paramod\alu\DATA_WIDTH=s32'00000000000000000000000000001000.

16.16. Finished fast OPT passes. (There is nothing left to do.)

17. Executing DFFLIBMAP pass (mapping DFF cells to sequential cells from liberty file).
  cell DFF_X1 (noninv, pins=4, area=4.52) is a direct match for cell type $_DFF_P_.
  cell DFFR_X1 (noninv, pins=5, area=5.32) is a direct match for cell type $_DFF_PN0_.
  cell DFFS_X1 (noninv, pins=5, area=5.32) is a direct match for cell type $_DFF_PN1_.
  cell DFFRS_X1 (noninv, pins=6, area=6.38) is a direct match for cell type $_DFFSR_PNN_.
  final dff cell mappings:
    unmapped dff cell: $_DFF_N_
    \DFF_X1 _DFF_P_ (.CK( C), .D( D), .Q( Q), .QN(~Q));
    unmapped dff cell: $_DFF_NN0_
    unmapped dff cell: $_DFF_NN1_
    unmapped dff cell: $_DFF_NP0_
    unmapped dff cell: $_DFF_NP1_
    \DFFR_X1 _DFF_PN0_ (.CK( C), .D( D), .Q( Q), .QN(~Q), .RN( R));
    \DFFS_X1 _DFF_PN1_ (.CK( C), .D( D), .Q( Q), .QN(~Q), .SN( R));
    unmapped dff cell: $_DFF_PP0_
    unmapped dff cell: $_DFF_PP1_
    unmapped dff cell: $_DFFE_NN_
    unmapped dff cell: $_DFFE_NP_
    unmapped dff cell: $_DFFE_PN_
    unmapped dff cell: $_DFFE_PP_
    unmapped dff cell: $_DFFSR_NNN_
    unmapped dff cell: $_DFFSR_NNP_
    unmapped dff cell: $_DFFSR_NPN_
    unmapped dff cell: $_DFFSR_NPP_
    \DFFRS_X1 _DFFSR_PNN_ (.CK( C), .D( D), .Q( Q), .QN(~Q), .RN( R), .SN( S));
    unmapped dff cell: $_DFFSR_PNP_
    unmapped dff cell: $_DFFSR_PPN_
    unmapped dff cell: $_DFFSR_PPP_

17.1. Executing DFFLEGALIZE pass (convert FFs to types supported by the target).
<suppressed ~8 debug messages>
Mapping DFF cells in module `\top':
Mapping DFF cells in module `\control_unit':
Mapping DFF cells in module `$paramod\program_counter\ADDR_WIDTH=s32'00000000000000000000000000001000':
  mapped 8 $_DFF_PN0_ cells to \DFFR_X1 cells.
Mapping DFF cells in module `$paramod$41b5ca74f47e7a33e8f0244a1d284342a6461bce\instruction_memory':
Mapping DFF cells in module `$paramod\instruction_decoder\INSTR_WIDTH=s32'00000000000000000000000000010000':
Mapping DFF cells in module `$paramod$adeecc208996d0b92f0acb5ec38d57453fb9dd41\register_file':
  mapped 128 $_DFF_PN0_ cells to \DFFR_X1 cells.
Mapping DFF cells in module `$paramod\alu\DATA_WIDTH=s32'00000000000000000000000000001000':

18. Executing ABC pass (technology mapping using ABC).

18.1. Extracting gate netlist of module `\top' to `<abc-temp-dir>/input.blif'..
ABC: using cached merged SCL: /var/folders/f3/q5j__bf16c51r3x6_ncyt0n40000gn/T/yosys-liberty-scl-cache/yosys_merged_d53d09b8.scl (1 files)

18.1.1. Executed ABC.
Extracted 8 gates and 22 wires to a netlist network with 13 inputs and 8 outputs.
Running ABC script: <abc-temp-dir>/abc.script
ABC: ======== ABC command line "source <abc-temp-dir>/abc.script"
ABC: + read_blif <abc-temp-dir>/input.blif 
ABC: + read_scl /var/folders/f3/q5j__bf16c51r3x6_ncyt0n40000gn/T/yosys-liberty-scl-cache/yosys_merged_d53d09b8.scl 
ABC: Warning: Detected 2 multi-output cells (for example, "FA_X1").
ABC: + strash 
ABC: + &get -n 
ABC: + &fraig -x 
ABC: + &put 
ABC: + scorr 
ABC: Warning: The network is combinational (run "fraig" or "fraig_sweep").
ABC: + dc2 
ABC: + dretime 
ABC: + strash 
ABC: + &get -n 
ABC: + &dch -f 
ABC: + &nf 
ABC: + &put 
ABC: + write_blif <abc-temp-dir>/output.blif 

18.1.2. Re-integrating ABC results.
ABC RESULTS:            INV_X1 cells:        4
ABC RESULTS:           MUX2_X1 cells:        4
ABC RESULTS:           NOR2_X1 cells:        4
ABC RESULTS:        internal signals:        1
ABC RESULTS:           input signals:       13
ABC RESULTS:          output signals:        8
Removing temp directory.

18.2. Extracting gate netlist of module `\control_unit' to `<abc-temp-dir>/input.blif'..
ABC: using cached merged SCL: /var/folders/f3/q5j__bf16c51r3x6_ncyt0n40000gn/T/yosys-liberty-scl-cache/yosys_merged_d53d09b8.scl (1 files)

18.2.1. Executed ABC.
Extracted 75 gates and 88 wires to a netlist network with 12 inputs and 15 outputs.
Running ABC script: <abc-temp-dir>/abc.script
ABC: ======== ABC command line "source <abc-temp-dir>/abc.script"
ABC: + read_blif <abc-temp-dir>/input.blif 
ABC: + read_scl /var/folders/f3/q5j__bf16c51r3x6_ncyt0n40000gn/T/yosys-liberty-scl-cache/yosys_merged_d53d09b8.scl 
ABC: Warning: Detected 2 multi-output cells (for example, "FA_X1").
ABC: + strash 
ABC: + &get -n 
ABC: + &fraig -x 
ABC: + &put 
ABC: + scorr 
ABC: Warning: The network is combinational (run "fraig" or "fraig_sweep").
ABC: + dc2 
ABC: + dretime 
ABC: + strash 
ABC: + &get -n 
ABC: + &dch -f 
ABC: + &nf 
ABC: + &put 
ABC: + write_blif <abc-temp-dir>/output.blif 

18.2.2. Re-integrating ABC results.
ABC RESULTS:           AND2_X1 cells:        1
ABC RESULTS:         AOI211_X1 cells:        1
ABC RESULTS:          AOI21_X1 cells:        2
ABC RESULTS:            INV_X1 cells:        5
ABC RESULTS:          NAND2_X1 cells:        7
ABC RESULTS:          NAND3_X1 cells:        1
ABC RESULTS:          NAND4_X1 cells:        1
ABC RESULTS:           NOR2_X1 cells:        1
ABC RESULTS:           NOR3_X1 cells:        5
ABC RESULTS:           NOR4_X1 cells:        1
ABC RESULTS:         OAI211_X1 cells:        1
ABC RESULTS:            OR2_X1 cells:        1
ABC RESULTS:          XNOR2_X1 cells:        6
ABC RESULTS:           XOR2_X1 cells:        3
ABC RESULTS:        internal signals:       61
ABC RESULTS:           input signals:       12
ABC RESULTS:          output signals:       15
Removing temp directory.

18.3. Extracting gate netlist of module `$paramod\program_counter\ADDR_WIDTH=s32'00000000000000000000000000001000' to `<abc-temp-dir>/input.blif'..
ABC: using cached merged SCL: /var/folders/f3/q5j__bf16c51r3x6_ncyt0n40000gn/T/yosys-liberty-scl-cache/yosys_merged_d53d09b8.scl (1 files)

18.3.1. Executed ABC.
Extracted 16 gates and 34 wires to a netlist network with 18 inputs and 16 outputs.
Running ABC script: <abc-temp-dir>/abc.script
ABC: ======== ABC command line "source <abc-temp-dir>/abc.script"
ABC: + read_blif <abc-temp-dir>/input.blif 
ABC: + read_scl /var/folders/f3/q5j__bf16c51r3x6_ncyt0n40000gn/T/yosys-liberty-scl-cache/yosys_merged_d53d09b8.scl 
ABC: Warning: Detected 2 multi-output cells (for example, "FA_X1").
ABC: + strash 
ABC: + &get -n 
ABC: + &fraig -x 
ABC: + &put 
ABC: + scorr 
ABC: Warning: The network is combinational (run "fraig" or "fraig_sweep").
ABC: + dc2 
ABC: + dretime 
ABC: + strash 
ABC: + &get -n 
ABC: + &dch -f 
ABC: + &nf 
ABC: + &put 
ABC: + write_blif <abc-temp-dir>/output.blif 

18.3.2. Re-integrating ABC results.
ABC RESULTS:            INV_X1 cells:        8
ABC RESULTS:           MUX2_X1 cells:        8
ABC RESULTS:        internal signals:        0
ABC RESULTS:           input signals:       18
ABC RESULTS:          output signals:       16
Removing temp directory.

18.4. Extracting gate netlist of module `$paramod$41b5ca74f47e7a33e8f0244a1d284342a6461bce\instruction_memory' to `<abc-temp-dir>/input.blif'..
ABC: using cached merged SCL: /var/folders/f3/q5j__bf16c51r3x6_ncyt0n40000gn/T/yosys-liberty-scl-cache/yosys_merged_d53d09b8.scl (1 files)
Replacing 52 occurrences of constant undef bits with constant zero bits

18.4.1. Executed ABC.
Extracted 82 gates and 93 wires to a netlist network with 8 inputs and 11 outputs.
Running ABC script: <abc-temp-dir>/abc.script
ABC: ======== ABC command line "source <abc-temp-dir>/abc.script"
ABC: + read_blif <abc-temp-dir>/input.blif 
ABC: + read_scl /var/folders/f3/q5j__bf16c51r3x6_ncyt0n40000gn/T/yosys-liberty-scl-cache/yosys_merged_d53d09b8.scl 
ABC: Warning: Detected 2 multi-output cells (for example, "FA_X1").
ABC: + strash 
ABC: + &get -n 
ABC: + &fraig -x 
ABC: + &put 
ABC: + scorr 
ABC: Warning: The network is combinational (run "fraig" or "fraig_sweep").
ABC: + dc2 
ABC: + dretime 
ABC: + strash 
ABC: + &get -n 
ABC: + &dch -f 
ABC: + &nf 
ABC: + &put 
ABC: + write_blif <abc-temp-dir>/output.blif 

18.4.2. Re-integrating ABC results.
ABC RESULTS:           AND2_X1 cells:        1
ABC RESULTS:           AND3_X1 cells:        1
ABC RESULTS:         AOI211_X1 cells:        1
ABC RESULTS:          AOI21_X1 cells:        1
ABC RESULTS:         AOI221_X1 cells:        1
ABC RESULTS:            INV_X1 cells:        2
ABC RESULTS:          NAND2_X1 cells:        4
ABC RESULTS:           NOR2_X1 cells:        4
ABC RESULTS:           NOR3_X1 cells:        3
ABC RESULTS:           NOR4_X1 cells:        1
ABC RESULTS:          OAI21_X1 cells:        3
ABC RESULTS:          OAI22_X1 cells:        1
ABC RESULTS:            OR2_X1 cells:        1
ABC RESULTS:            OR4_X1 cells:        1
ABC RESULTS:          XNOR2_X1 cells:        1
ABC RESULTS:        internal signals:       74
ABC RESULTS:           input signals:        8
ABC RESULTS:          output signals:       11
Removing temp directory.

18.5. Extracting gate netlist of module `$paramod\instruction_decoder\INSTR_WIDTH=s32'00000000000000000000000000010000' to `<abc-temp-dir>/input.blif'..
ABC: using cached merged SCL: /var/folders/f3/q5j__bf16c51r3x6_ncyt0n40000gn/T/yosys-liberty-scl-cache/yosys_merged_d53d09b8.scl (1 files)

18.5.1. Executed ABC.
Extracted 0 gates and 0 wires to a netlist network with 0 inputs and 0 outputs.
Don't call ABC as there is nothing to map.
Removing temp directory.

18.6. Extracting gate netlist of module `$paramod$adeecc208996d0b92f0acb5ec38d57453fb9dd41\register_file' to `<abc-temp-dir>/input.blif'..
ABC: using cached merged SCL: /var/folders/f3/q5j__bf16c51r3x6_ncyt0n40000gn/T/yosys-liberty-scl-cache/yosys_merged_d53d09b8.scl (1 files)
Replacing 16 occurrences of constant undef bits with constant zero bits

18.6.1. Executed ABC.
Extracted 946 gates and 1097 wires to a netlist network with 150 inputs and 272 outputs.
Running ABC script: <abc-temp-dir>/abc.script
ABC: ======== ABC command line "source <abc-temp-dir>/abc.script"
ABC: + read_blif <abc-temp-dir>/input.blif 
ABC: + read_scl /var/folders/f3/q5j__bf16c51r3x6_ncyt0n40000gn/T/yosys-liberty-scl-cache/yosys_merged_d53d09b8.scl 
ABC: Warning: Detected 2 multi-output cells (for example, "FA_X1").
ABC: + strash 
ABC: + &get -n 
ABC: + &fraig -x 
ABC: + &put 
ABC: + scorr 
ABC: Warning: The network is combinational (run "fraig" or "fraig_sweep").
ABC: + dc2 
ABC: + dretime 
ABC: + strash 
ABC: + &get -n 
ABC: + &dch -f 
ABC: + &nf 
ABC: + &put 
ABC: + write_blif <abc-temp-dir>/output.blif 

18.6.2. Re-integrating ABC results.
ABC RESULTS:           AND3_X1 cells:        2
ABC RESULTS:          AOI22_X1 cells:      128
ABC RESULTS:            INV_X1 cells:      140
ABC RESULTS:           MUX2_X1 cells:      128
ABC RESULTS:          NAND2_X1 cells:        9
ABC RESULTS:          NAND3_X1 cells:        2
ABC RESULTS:          NAND4_X1 cells:       33
ABC RESULTS:           NOR2_X1 cells:       14
ABC RESULTS:           NOR3_X1 cells:       16
ABC RESULTS:           NOR4_X1 cells:       13
ABC RESULTS:            OR2_X1 cells:       20
ABC RESULTS:            OR3_X1 cells:        1
ABC RESULTS:        internal signals:      675
ABC RESULTS:           input signals:      150
ABC RESULTS:          output signals:      272
Removing temp directory.

18.7. Extracting gate netlist of module `$paramod\alu\DATA_WIDTH=s32'00000000000000000000000000001000' to `<abc-temp-dir>/input.blif'..
ABC: using cached merged SCL: /var/folders/f3/q5j__bf16c51r3x6_ncyt0n40000gn/T/yosys-liberty-scl-cache/yosys_merged_d53d09b8.scl (1 files)

18.7.1. Executed ABC.
Extracted 311 gates and 332 wires to a netlist network with 20 inputs and 9 outputs.
Running ABC script: <abc-temp-dir>/abc.script
ABC: ======== ABC command line "source <abc-temp-dir>/abc.script"
ABC: + read_blif <abc-temp-dir>/input.blif 
ABC: + read_scl /var/folders/f3/q5j__bf16c51r3x6_ncyt0n40000gn/T/yosys-liberty-scl-cache/yosys_merged_d53d09b8.scl 
ABC: Warning: Detected 2 multi-output cells (for example, "FA_X1").
ABC: + strash 
ABC: + &get -n 
ABC: + &fraig -x 
ABC: + &put 
ABC: + scorr 
ABC: Warning: The network is combinational (run "fraig" or "fraig_sweep").
ABC: + dc2 
ABC: + dretime 
ABC: + strash 
ABC: + &get -n 
ABC: + &dch -f 
ABC: + &nf 
ABC: + &put 
ABC: + write_blif <abc-temp-dir>/output.blif 

18.7.2. Re-integrating ABC results.
ABC RESULTS:           AND2_X1 cells:        4
ABC RESULTS:           AND3_X1 cells:        2
ABC RESULTS:         AOI211_X1 cells:        4
ABC RESULTS:          AOI21_X1 cells:       10
ABC RESULTS:         AOI221_X1 cells:        5
ABC RESULTS:         AOI222_X1 cells:        4
ABC RESULTS:          AOI22_X1 cells:        5
ABC RESULTS:            INV_X1 cells:       15
ABC RESULTS:          NAND2_X1 cells:       25
ABC RESULTS:          NAND3_X1 cells:        6
ABC RESULTS:          NAND4_X1 cells:        3
ABC RESULTS:           NOR2_X1 cells:       14
ABC RESULTS:           NOR3_X1 cells:       10
ABC RESULTS:           NOR4_X1 cells:        2
ABC RESULTS:         OAI211_X1 cells:        5
ABC RESULTS:          OAI21_X1 cells:       11
ABC RESULTS:         OAI221_X1 cells:        5
ABC RESULTS:          OAI22_X1 cells:        1
ABC RESULTS:            OR2_X1 cells:       10
ABC RESULTS:            OR3_X1 cells:        3
ABC RESULTS:            OR4_X1 cells:        2
ABC RESULTS:          XNOR2_X1 cells:        9
ABC RESULTS:           XOR2_X1 cells:        3
ABC RESULTS:        internal signals:      303
ABC RESULTS:           input signals:       20
ABC RESULTS:          output signals:        9
Removing temp directory.
Removing global temp directory.
Removed 0 unused cells and 1258 unused wires.

19. Executing OPT pass (performing simple optimizations).

19.1. Executing OPT_EXPR pass (perform const folding).
Optimizing module top.
Optimizing module control_unit.
Optimizing module $paramod\program_counter\ADDR_WIDTH=s32'00000000000000000000000000001000.
Optimizing module $paramod$41b5ca74f47e7a33e8f0244a1d284342a6461bce\instruction_memory.
Optimizing module $paramod\instruction_decoder\INSTR_WIDTH=s32'00000000000000000000000000010000.
Optimizing module $paramod$adeecc208996d0b92f0acb5ec38d57453fb9dd41\register_file.
Optimizing module $paramod\alu\DATA_WIDTH=s32'00000000000000000000000000001000.

19.2. Executing OPT_MERGE pass (detect identical cells).
Finding identical cells in module `\top'.
Computing hashes of 18 cells of `\top'.
Finding duplicate cells in `\top'.
Finding identical cells in module `\control_unit'.
Computing hashes of 36 cells of `\control_unit'.
Finding duplicate cells in `\control_unit'.
Finding identical cells in module `$paramod\program_counter\ADDR_WIDTH=s32'00000000000000000000000000001000'.
Computing hashes of 24 cells of `$paramod\program_counter\ADDR_WIDTH=s32'00000000000000000000000000001000'.
Finding duplicate cells in `$paramod\program_counter\ADDR_WIDTH=s32'00000000000000000000000000001000'.
Finding identical cells in module `$paramod$41b5ca74f47e7a33e8f0244a1d284342a6461bce\instruction_memory'.
Computing hashes of 26 cells of `$paramod$41b5ca74f47e7a33e8f0244a1d284342a6461bce\instruction_memory'.
Finding duplicate cells in `$paramod$41b5ca74f47e7a33e8f0244a1d284342a6461bce\instruction_memory'.
Finding identical cells in module `$paramod\instruction_decoder\INSTR_WIDTH=s32'00000000000000000000000000010000'.
Computing hashes of 0 cells of `$paramod\instruction_decoder\INSTR_WIDTH=s32'00000000000000000000000000010000'.
Finding duplicate cells in `$paramod\instruction_decoder\INSTR_WIDTH=s32'00000000000000000000000000010000'.
Finding identical cells in module `$paramod$adeecc208996d0b92f0acb5ec38d57453fb9dd41\register_file'.
Computing hashes of 634 cells of `$paramod$adeecc208996d0b92f0acb5ec38d57453fb9dd41\register_file'.
Finding duplicate cells in `$paramod$adeecc208996d0b92f0acb5ec38d57453fb9dd41\register_file'.
Finding identical cells in module `$paramod\alu\DATA_WIDTH=s32'00000000000000000000000000001000'.
Computing hashes of 158 cells of `$paramod\alu\DATA_WIDTH=s32'00000000000000000000000000001000'.
Finding duplicate cells in `$paramod\alu\DATA_WIDTH=s32'00000000000000000000000000001000'.
Removed a total of 0 cells.

19.3. Executing OPT_MUXTREE pass (detect dead branches in mux trees).
Running muxtree optimizer on module \top..
  Creating internal representation of mux trees.
  No muxes found in this module.
Running muxtree optimizer on module \control_unit..
  Creating internal representation of mux trees.
  No muxes found in this module.
Running muxtree optimizer on module $paramod\program_counter\ADDR_WIDTH=s32'00000000000000000000000000001000..
  Creating internal representation of mux trees.
  No muxes found in this module.
Running muxtree optimizer on module $paramod$41b5ca74f47e7a33e8f0244a1d284342a6461bce\instruction_memory..
  Creating internal representation of mux trees.
  No muxes found in this module.
Running muxtree optimizer on module $paramod\instruction_decoder\INSTR_WIDTH=s32'00000000000000000000000000010000..
  Creating internal representation of mux trees.
  No muxes found in this module.
Running muxtree optimizer on module $paramod$adeecc208996d0b92f0acb5ec38d57453fb9dd41\register_file..
  Creating internal representation of mux trees.
  No muxes found in this module.
Running muxtree optimizer on module $paramod\alu\DATA_WIDTH=s32'00000000000000000000000000001000..
  Creating internal representation of mux trees.
  No muxes found in this module.
Removed 0 multiplexer ports.

19.4. Executing OPT_REDUCE pass (consolidate $*mux and $reduce_* inputs).
  Optimizing cells in module \top.
  Optimizing cells in module \control_unit.
  Optimizing cells in module $paramod\program_counter\ADDR_WIDTH=s32'00000000000000000000000000001000.
  Optimizing cells in module $paramod$41b5ca74f47e7a33e8f0244a1d284342a6461bce\instruction_memory.
  Optimizing cells in module $paramod\instruction_decoder\INSTR_WIDTH=s32'00000000000000000000000000010000.
  Optimizing cells in module $paramod$adeecc208996d0b92f0acb5ec38d57453fb9dd41\register_file.
  Optimizing cells in module $paramod\alu\DATA_WIDTH=s32'00000000000000000000000000001000.
Performed a total of 0 changes.

19.5. Executing OPT_MERGE pass (detect identical cells).
Finding identical cells in module `\top'.
Computing hashes of 18 cells of `\top'.
Finding duplicate cells in `\top'.
Finding identical cells in module `\control_unit'.
Computing hashes of 36 cells of `\control_unit'.
Finding duplicate cells in `\control_unit'.
Finding identical cells in module `$paramod\program_counter\ADDR_WIDTH=s32'00000000000000000000000000001000'.
Computing hashes of 24 cells of `$paramod\program_counter\ADDR_WIDTH=s32'00000000000000000000000000001000'.
Finding duplicate cells in `$paramod\program_counter\ADDR_WIDTH=s32'00000000000000000000000000001000'.
Finding identical cells in module `$paramod$41b5ca74f47e7a33e8f0244a1d284342a6461bce\instruction_memory'.
Computing hashes of 26 cells of `$paramod$41b5ca74f47e7a33e8f0244a1d284342a6461bce\instruction_memory'.
Finding duplicate cells in `$paramod$41b5ca74f47e7a33e8f0244a1d284342a6461bce\instruction_memory'.
Finding identical cells in module `$paramod\instruction_decoder\INSTR_WIDTH=s32'00000000000000000000000000010000'.
Computing hashes of 0 cells of `$paramod\instruction_decoder\INSTR_WIDTH=s32'00000000000000000000000000010000'.
Finding duplicate cells in `$paramod\instruction_decoder\INSTR_WIDTH=s32'00000000000000000000000000010000'.
Finding identical cells in module `$paramod$adeecc208996d0b92f0acb5ec38d57453fb9dd41\register_file'.
Computing hashes of 634 cells of `$paramod$adeecc208996d0b92f0acb5ec38d57453fb9dd41\register_file'.
Finding duplicate cells in `$paramod$adeecc208996d0b92f0acb5ec38d57453fb9dd41\register_file'.
Finding identical cells in module `$paramod\alu\DATA_WIDTH=s32'00000000000000000000000000001000'.
Computing hashes of 158 cells of `$paramod\alu\DATA_WIDTH=s32'00000000000000000000000000001000'.
Finding duplicate cells in `$paramod\alu\DATA_WIDTH=s32'00000000000000000000000000001000'.
Removed a total of 0 cells.

19.6. Executing OPT_DFF pass (perform DFF optimizations).

19.7. Executing OPT_CLEAN pass (remove unused cells and wires).
Finding unused cells or wires in module \top..
Finding unused cells or wires in module \control_unit..
Finding unused cells or wires in module $paramod\program_counter\ADDR_WIDTH=s32'00000000000000000000000000001000..
Finding unused cells or wires in module $paramod$41b5ca74f47e7a33e8f0244a1d284342a6461bce\instruction_memory..
Finding unused cells or wires in module $paramod\instruction_decoder\INSTR_WIDTH=s32'00000000000000000000000000010000..
Finding unused cells or wires in module $paramod$adeecc208996d0b92f0acb5ec38d57453fb9dd41\register_file..
Finding unused cells or wires in module $paramod\alu\DATA_WIDTH=s32'00000000000000000000000000001000..

19.8. Executing OPT_EXPR pass (perform const folding).
Optimizing module top.
Optimizing module control_unit.
Optimizing module $paramod\program_counter\ADDR_WIDTH=s32'00000000000000000000000000001000.
Optimizing module $paramod$41b5ca74f47e7a33e8f0244a1d284342a6461bce\instruction_memory.
Optimizing module $paramod\instruction_decoder\INSTR_WIDTH=s32'00000000000000000000000000010000.
Optimizing module $paramod$adeecc208996d0b92f0acb5ec38d57453fb9dd41\register_file.
Optimizing module $paramod\alu\DATA_WIDTH=s32'00000000000000000000000000001000.

19.9. Finished fast OPT passes. (There is nothing left to do.)

20. Printing statistics.

=== top ===

        +----------Local Count, excluding submodules.
        | 
       23 wires
       95 wire bits
       19 public wires
       91 public wire bits
        7 ports
       24 port bits
       12 cells
        4   INV_X1
        4   MUX2_X1
        4   NOR2_X1
        6 submodules
        1   $paramod$41b5ca74f47e7a33e8f0244a1d284342a6461bce\instruction_memory
        1   $paramod$adeecc208996d0b92f0acb5ec38d57453fb9dd41\register_file
        1   $paramod\alu\DATA_WIDTH=s32'00000000000000000000000000001000
        1   $paramod\instruction_decoder\INSTR_WIDTH=s32'00000000000000000000000000010000
        1   $paramod\program_counter\ADDR_WIDTH=s32'00000000000000000000000000001000
        1   control_unit

=== control_unit ===

        +----------Local Count, excluding submodules.
        | 
       29 wires
       49 wire bits
        8 public wires
       28 public wire bits
        8 ports
       28 port bits
       36 cells
        1   AND2_X1
        1   AOI211_X1
        2   AOI21_X1
        5   INV_X1
        7   NAND2_X1
        1   NAND3_X1
        1   NAND4_X1
        1   NOR2_X1
        5   NOR3_X1
        1   NOR4_X1
        1   OAI211_X1
        1   OR2_X1
        6   XNOR2_X1
        3   XOR2_X1

=== $paramod\program_counter\ADDR_WIDTH=s32'00000000000000000000000000001000 ===

        +----------Local Count, excluding submodules.
        | 
       29 wires
       43 wire bits
        5 public wires
       19 public wire bits
        5 ports
       19 port bits
       24 cells
        8   DFFR_X1
        8   INV_X1
        8   MUX2_X1

=== $paramod$41b5ca74f47e7a33e8f0244a1d284342a6461bce\instruction_memory ===

        +----------Local Count, excluding submodules.
        | 
       17 wires
       39 wire bits
        2 public wires
       24 public wire bits
        2 ports
       24 port bits
       26 cells
        1   AND2_X1
        1   AND3_X1
        1   AOI211_X1
        1   AOI21_X1
        1   AOI221_X1
        2   INV_X1
        4   NAND2_X1
        4   NOR2_X1
        3   NOR3_X1
        1   NOR4_X1
        3   OAI21_X1
        1   OAI22_X1
        1   OR2_X1
        1   OR4_X1
        1   XNOR2_X1

=== $paramod\instruction_decoder\INSTR_WIDTH=s32'00000000000000000000000000010000 ===

        +----------Local Count, excluding submodules.
        | 
        5 wires
       32 wire bits
        5 public wires
       32 public wire bits
        5 ports
       32 port bits

=== $paramod$adeecc208996d0b92f0acb5ec38d57453fb9dd41\register_file ===

        +----------Local Count, excluding submodules.
        | 
      643 wires
      785 wire bits
       25 public wires
      167 public wire bits
        9 ports
       39 port bits
      634 cells
        2   AND3_X1
      128   AOI22_X1
      128   DFFR_X1
      140   INV_X1
      128   MUX2_X1
        9   NAND2_X1
        2   NAND3_X1
       33   NAND4_X1
       14   NOR2_X1
       16   NOR3_X1
       13   NOR4_X1
       20   OR2_X1
        1   OR3_X1

=== $paramod\alu\DATA_WIDTH=s32'00000000000000000000000000001000 ===

        +----------Local Count, excluding submodules.
        | 
      154 wires
      178 wire bits
        5 public wires
       29 public wire bits
        5 ports
       29 port bits
      158 cells
        4   AND2_X1
        2   AND3_X1
        4   AOI211_X1
       10   AOI21_X1
        5   AOI221_X1
        4   AOI222_X1
        5   AOI22_X1
       15   INV_X1
       25   NAND2_X1
        6   NAND3_X1
        3   NAND4_X1
       14   NOR2_X1
       10   NOR3_X1
        2   NOR4_X1
        5   OAI211_X1
       11   OAI21_X1
        5   OAI221_X1
        1   OAI22_X1
       10   OR2_X1
        3   OR3_X1
        2   OR4_X1
        9   XNOR2_X1
        3   XOR2_X1

=== design hierarchy ===

        +----------Count including submodules.
        | 
      890 top
       26 $paramod$41b5ca74f47e7a33e8f0244a1d284342a6461bce\instruction_memory
      634 $paramod$adeecc208996d0b92f0acb5ec38d57453fb9dd41\register_file
      158 $paramod\alu\DATA_WIDTH=s32'00000000000000000000000000001000
       24 $paramod\program_counter\ADDR_WIDTH=s32'00000000000000000000000000001000
       36 control_unit

        +----------Count including submodules.
        | 
      900 wires
     1221 wire bits
       69 public wires
      390 public wire bits
       41 ports
      195 port bits
        - memories
        - memory bits
        - processes
      890 cells
        6   AND2_X1
        5   AND3_X1
        6   AOI211_X1
       13   AOI21_X1
        6   AOI221_X1
        4   AOI222_X1
      133   AOI22_X1
      136   DFFR_X1
      174   INV_X1
      140   MUX2_X1
       45   NAND2_X1
        9   NAND3_X1
       37   NAND4_X1
       37   NOR2_X1
       34   NOR3_X1
       17   NOR4_X1
        6   OAI211_X1
       14   OAI21_X1
        5   OAI221_X1
        2   OAI22_X1
       32   OR2_X1
        4   OR3_X1
        3   OR4_X1
       16   XNOR2_X1
        6   XOR2_X1
        6 submodules
        1   $paramod$41b5ca74f47e7a33e8f0244a1d284342a6461bce\instruction_memory
        1   $paramod$adeecc208996d0b92f0acb5ec38d57453fb9dd41\register_file
        1   $paramod\alu\DATA_WIDTH=s32'00000000000000000000000000001000
        1   $paramod\instruction_decoder\INSTR_WIDTH=s32'00000000000000000000000000010000
        1   $paramod\program_counter\ADDR_WIDTH=s32'00000000000000000000000000001000
        1   control_unit

21. Printing statistics.

=== top ===

        +----------Local Count, excluding submodules.
        |        +-Local Area, excluding submodules.
        |        | 
       23        - wires
       95        - wire bits
       19        - public wires
       91        - public wire bits
        7        - ports
       24        - port bits
       12   12.768 cells
        4    2.128   INV_X1
        4    7.448   MUX2_X1
        4    3.192   NOR2_X1
        6        - submodules
        1        -   $paramod$41b5ca74f47e7a33e8f0244a1d284342a6461bce\instruction_memory
        1        -   $paramod$adeecc208996d0b92f0acb5ec38d57453fb9dd41\register_file
        1        -   $paramod\alu\DATA_WIDTH=s32'00000000000000000000000000001000
        1        -   $paramod\instruction_decoder\INSTR_WIDTH=s32'00000000000000000000000000010000
        1        -   $paramod\program_counter\ADDR_WIDTH=s32'00000000000000000000000000001000
        1        -   control_unit

   Chip area for module '\top': 12.768000
     of which used for sequential elements: 0.000000 (0.00%)

=== control_unit ===

        +----------Local Count, excluding submodules.
        |        +-Local Area, excluding submodules.
        |        | 
       29        - wires
       49        - wire bits
        8        - public wires
       28        - public wire bits
        8        - ports
       28        - port bits
       36   39.368 cells
        1    1.064   AND2_X1
        1     1.33   AOI211_X1
        2    2.128   AOI21_X1
        5     2.66   INV_X1
        7    5.586   NAND2_X1
        1    1.064   NAND3_X1
        1     1.33   NAND4_X1
        1    0.798   NOR2_X1
        5     5.32   NOR3_X1
        1     1.33   NOR4_X1
        1     1.33   OAI211_X1
        1    1.064   OR2_X1
        6    9.576   XNOR2_X1
        3    4.788   XOR2_X1

   Chip area for module '\control_unit': 39.368000
     of which used for sequential elements: 0.000000 (0.00%)

=== $paramod\program_counter\ADDR_WIDTH=s32'00000000000000000000000000001000 ===

        +----------Local Count, excluding submodules.
        |        +-Local Area, excluding submodules.
        |        | 
       29        - wires
       43        - wire bits
        5        - public wires
       19        - public wire bits
        5        - ports
       19        - port bits
       24   61.712 cells
        8    42.56   DFFR_X1
        8    4.256   INV_X1
        8   14.896   MUX2_X1

   Chip area for module '$paramod\program_counter\ADDR_WIDTH=s32'00000000000000000000000000001000': 61.712000
     of which used for sequential elements: 42.560000 (68.97%)

=== $paramod$41b5ca74f47e7a33e8f0244a1d284342a6461bce\instruction_memory ===

        +----------Local Count, excluding submodules.
        |        +-Local Area, excluding submodules.
        |        | 
       17        - wires
       39        - wire bits
        2        - public wires
       24        - public wire bits
        2        - ports
       24        - port bits
       26   27.132 cells
        1    1.064   AND2_X1
        1     1.33   AND3_X1
        1     1.33   AOI211_X1
        1    1.064   AOI21_X1
        1    1.596   AOI221_X1
        2    1.064   INV_X1
        4    3.192   NAND2_X1
        4    3.192   NOR2_X1
        3    3.192   NOR3_X1
        1     1.33   NOR4_X1
        3    3.192   OAI21_X1
        1     1.33   OAI22_X1
        1    1.064   OR2_X1
        1    1.596   OR4_X1
        1    1.596   XNOR2_X1

   Chip area for module '$paramod$41b5ca74f47e7a33e8f0244a1d284342a6461bce\instruction_memory': 27.132000
     of which used for sequential elements: 0.000000 (0.00%)

=== $paramod\instruction_decoder\INSTR_WIDTH=s32'00000000000000000000000000010000 ===

        +----------Local Count, excluding submodules.
        |        +-Local Area, excluding submodules.
        |        | 
        5        - wires
       32        - wire bits
        5        - public wires
       32        - public wire bits
        5        - ports
       32        - port bits

=== $paramod$adeecc208996d0b92f0acb5ec38d57453fb9dd41\register_file ===

        +----------Local Count, excluding submodules.
        |        +-Local Area, excluding submodules.
        |        | 
      643        - wires
      785        - wire bits
       25        - public wires
      167        - public wire bits
        9        - ports
       39        - port bits
      634 1.29E+03 cells
        2     2.66   AND3_X1
      128   170.24   AOI22_X1
      128   680.96   DFFR_X1
      140    74.48   INV_X1
      128  238.336   MUX2_X1
        9    7.182   NAND2_X1
        2    2.128   NAND3_X1
       33    43.89   NAND4_X1
       14   11.172   NOR2_X1
       16   17.024   NOR3_X1
       13    17.29   NOR4_X1
       20    21.28   OR2_X1
        1     1.33   OR3_X1

   Chip area for module '$paramod$adeecc208996d0b92f0acb5ec38d57453fb9dd41\register_file': 1287.972000
     of which used for sequential elements: 680.960000 (52.87%)

=== $paramod\alu\DATA_WIDTH=s32'00000000000000000000000000001000 ===

        +----------Local Count, excluding submodules.
        |        +-Local Area, excluding submodules.
        |        | 
      154        - wires
      178        - wire bits
        5        - public wires
       29        - public wire bits
        5        - ports
       29        - port bits
      158  173.432 cells
        4    4.256   AND2_X1
        2     2.66   AND3_X1
        4     5.32   AOI211_X1
       10    10.64   AOI21_X1
        5     7.98   AOI221_X1
        4    8.512   AOI222_X1
        5     6.65   AOI22_X1
       15     7.98   INV_X1
       25    19.95   NAND2_X1
        6    6.384   NAND3_X1
        3     3.99   NAND4_X1
       14   11.172   NOR2_X1
       10    10.64   NOR3_X1
        2     2.66   NOR4_X1
        5     6.65   OAI211_X1
       11   11.704   OAI21_X1
        5     7.98   OAI221_X1
        1     1.33   OAI22_X1
       10    10.64   OR2_X1
        3     3.99   OR3_X1
        2    3.192   OR4_X1
        9   14.364   XNOR2_X1
        3    4.788   XOR2_X1

   Chip area for module '$paramod\alu\DATA_WIDTH=s32'00000000000000000000000000001000': 173.432000
     of which used for sequential elements: 0.000000 (0.00%)

=== design hierarchy ===

        +----------Count including submodules.
        |        +-Area including submodules.
        |        | 
      890  1.6E+03 top
       26   27.132 $paramod$41b5ca74f47e7a33e8f0244a1d284342a6461bce\instruction_memory
      634 1.29E+03 $paramod$adeecc208996d0b92f0acb5ec38d57453fb9dd41\register_file
      158  173.432 $paramod\alu\DATA_WIDTH=s32'00000000000000000000000000001000
       24   61.712 $paramod\program_counter\ADDR_WIDTH=s32'00000000000000000000000000001000
       36   39.368 control_unit

        +----------Count including submodules.
        |        +-Area including submodules.
        |        | 
      900        - wires
     1221        - wire bits
       69        - public wires
      390        - public wire bits
       41        - ports
      195        - port bits
        -        - memories
        -        - memory bits
        -        - processes
      890  1.6E+03 cells
        6    6.384   AND2_X1
        5     6.65   AND3_X1
        6     7.98   AOI211_X1
       13   13.832   AOI21_X1
        6    9.576   AOI221_X1
        4    8.512   AOI222_X1
      133   176.89   AOI22_X1
      136   723.52   DFFR_X1
      174   92.568   INV_X1
      140   260.68   MUX2_X1
       45    35.91   NAND2_X1
        9    9.576   NAND3_X1
       37    49.21   NAND4_X1
       37   29.526   NOR2_X1
       34   36.176   NOR3_X1
       17    22.61   NOR4_X1
        6     7.98   OAI211_X1
       14   14.896   OAI21_X1
        5     7.98   OAI221_X1
        2     2.66   OAI22_X1
       32   34.048   OR2_X1
        4     5.32   OR3_X1
        3    4.788   OR4_X1
       16   25.536   XNOR2_X1
        6    9.576   XOR2_X1
        6 1.59E+03 submodules
        1   27.132   $paramod$41b5ca74f47e7a33e8f0244a1d284342a6461bce\instruction_memory
        1 1.29E+03   $paramod$adeecc208996d0b92f0acb5ec38d57453fb9dd41\register_file
        1  173.432   $paramod\alu\DATA_WIDTH=s32'00000000000000000000000000001000
        1        -   $paramod\instruction_decoder\INSTR_WIDTH=s32'00000000000000000000000000010000
        1   61.712   $paramod\program_counter\ADDR_WIDTH=s32'00000000000000000000000000001000
        1   39.368   control_unit

   Chip area for top module '\top': 1602.384000
     of which used for sequential elements: 723.520000 (45.15%)


Syntax error in command `autoname -hide':

    autoname [selection]

Assign auto-generated public names to objects with private names (the ones
with $-prefix).

